monthyear,campfilename,nationality,proportion
22018,Alexandria-Ref_GRE_003,Syrian,0.44
22018,Alexandria-Ref_GRE_003,Iraqi,0.25
22018,Alexandria-Ref_GRE_003,Pakistani,0.08
22018,Alexandria-Ref_GRE_003,Palestinian,0.04
22018,Diavata_GRE_008,Syrian,0.38
22018,Diavata_GRE_008,Iraqi,0.24
22018,Diavata_GRE_008,Iranian,0.05
22018,Diavata_GRE_008,Afghan,0.26
22018,XXDoliana_GRE_007,Syrian,0.7
22018,XXDoliana_GRE_007,Yemeni,0.06
22018,XXDoliana_GRE_007,Iranian,0.06
22018,XXDoliana_GRE_007,Stateless,0.07
22018,Eleonas_GRE_013 ,Syrian,0.29
22018,Eleonas_GRE_013 ,Yemeni,0
22018,Eleonas_GRE_013 ,Iraqi,0.06
22018,Eleonas_GRE_013 ,Congolese,0
22018,Eleonas_GRE_013 ,Eritrean,0
22018,Eleonas_GRE_013 ,Iranian,0.09
22018,Eleonas_GRE_013 ,Pakistani,0.05
22018,Eleonas_GRE_013 ,Palestinian,0
22018,Eleonas_GRE_013 ,Afghan,0.51
22018,Eleonas_GRE_013 ,Stateless,0
22018,Eleonas_GRE_013 ,Somali,0
22018,Eleonas_GRE_013 ,Kuwaiti,0
22018,Eleonas_GRE_013 ,Moroccan,0
22018,Eleonas_GRE_013 ,Egyptian,0
22018,Eleonas_GRE_013 ,Algerian,0
22018,XXFilipiada_GRE_019,Syrian,0.09
22018,XXFilipiada_GRE_019,Iraqi,0.4
22018,XXFilipiada_GRE_019,Iranian,0.07
22018,XXFilipiada_GRE_019,Afghan,0.42
22018,Kato-Milia_GRE_061,Syrian,0.64
22018,Kato-Milia_GRE_061,Iraqi,0.13
22018,Kato-Milia_GRE_061,Palestinian,0.06
22018,Kato-Milia_GRE_061,Afghan,0.12
22018,XXKonitsa_GRE_026,Syrian,1
22018,XXKonitsa_GRE_026,Yemeni,0
22018,XXKonitsa_GRE_026,Iraqi,0
22018,XXKonitsa_GRE_026,Congolese,0
22018,XXKonitsa_GRE_026,Eritrean,0
22018,XXKonitsa_GRE_026,Iranian,0
22018,XXKonitsa_GRE_026,Pakistani,0
22018,XXKonitsa_GRE_026,Palestinian,0
22018,XXKonitsa_GRE_026,Afghan,0
22018,XXKonitsa_GRE_026,Stateless,0
22018,XXKonitsa_GRE_026,Somali,0
22018,XXKonitsa_GRE_026,Kuwaiti,0
22018,XXKonitsa_GRE_026,Moroccan,0
22018,XXKonitsa_GRE_026,Egyptian,0
22018,XXKonitsa_GRE_026,Algerian,0
22018,Koutsochero_GRE_028 ,Syrian,0.55
22018,Koutsochero_GRE_028 ,Iraqi,0.2
22018,Koutsochero_GRE_028 ,Congolese,0.07
22018,Koutsochero_GRE_028 ,Palestinian,0.03
22018,Lagkadikia_GRE_029 ,Syrian,0.61
22018,Lagkadikia_GRE_029 ,Iraqi,0.29
22018,Lagkadikia_GRE_029 ,Iranian,0.02
22018,Lagkadikia_GRE_029 ,Pakistani,0.04
22018,Lavrio-New_GRE_030 ,Syrian,0.54
22018,Lavrio-New_GRE_030 ,Iraqi,0.09
22018,Lavrio-New_GRE_030 ,Iranian,0.06
22018,Lavrio-New_GRE_030 ,Afghan,0.12
22018,Leros-Lepida_GRE_032,Syrian,0.17
22018,Leros-Lepida_GRE_032,Iraqi,0.5
22018,Leros-Lepida_GRE_032,Afghan,0.12
22018,Leros-Lepida_GRE_032,Stateless,0.05
22018,Moria_GRE_001,Syrian,0.37
22018,Moria_GRE_001,Iraqi,0.14
22018,Moria_GRE_001,Congolese,0.05
22018,Moria_GRE_001,Afghan,0.18
22018,Nea-Kavala_GRE_034,Syrian,0.29
22018,Nea-Kavala_GRE_034,Iraqi,0.14
22018,Nea-Kavala_GRE_034,Congolese,0.09
22018,Nea-Kavala_GRE_034,Eritrean,0.1
22018,XXPikpa-Leros_GRE_038,Syrian,0.38
22018,XXPikpa-Leros_GRE_038,Yemeni,0
22018,XXPikpa-Leros_GRE_038,Iraqi,0.58
22018,XXPikpa-Leros_GRE_038,Congolese,0
22018,XXPikpa-Leros_GRE_038,Eritrean,0
22018,XXPikpa-Leros_GRE_038,Iranian,0
22018,XXPikpa-Leros_GRE_038,Pakistani,0.02
22018,XXPikpa-Leros_GRE_038,Palestinian,0
22018,XXPikpa-Leros_GRE_038,Afghan,0
22018,XXPikpa-Leros_GRE_038,Stateless,0
22018,XXPikpa-Leros_GRE_038,Somali,0.02
22018,XXPikpa-Leros_GRE_038,Kuwaiti,0
22018,XXPikpa-Leros_GRE_038,Moroccan,0
22018,XXPikpa-Leros_GRE_038,Egyptian,0
22018,XXPikpa-Leros_GRE_038,Algerian,0
22018,Skaramangas_GRE_014,Syrian,0.56
22018,Skaramangas_GRE_014,Yemeni,0
22018,Skaramangas_GRE_014,Iraqi,0.33
22018,Skaramangas_GRE_014,Congolese,0
22018,Skaramangas_GRE_014,Eritrean,0
22018,Skaramangas_GRE_014,Iranian,0.02
22018,Skaramangas_GRE_014,Pakistani,0
22018,Skaramangas_GRE_014,Palestinian,0
22018,Skaramangas_GRE_014,Afghan,0.09
22018,Skaramangas_GRE_014,Stateless,0
22018,Skaramangas_GRE_014,Somali,0
22018,Skaramangas_GRE_014,Kuwaiti,0
22018,Skaramangas_GRE_014,Moroccan,0
22018,Skaramangas_GRE_014,Egyptian,0
22018,Skaramangas_GRE_014,Algerian,0
22018,Vathi-Samos_GRE_053,Syrian,0.29
22018,Vathi-Samos_GRE_053,Iraqi,0.27
22018,Vathi-Samos_GRE_053,Congolese,0.06
22018,Vathi-Samos_GRE_053,Afghan,0.13
22018,XXVial-Chios-NRC_GRE_066,Syrian,0.35
22018,XXVial-Chios-NRC_GRE_066,Yemeni,0.04
22018,XXVial-Chios-NRC_GRE_066,Iraqi,0.29
22018,XXVial-Chios-NRC_GRE_066,Afghan,0.11
12017,Alexandria-Ref_GRE_003,Syrian,0.99
12017,Alexandria-Ref_GRE_003,Yemeni,0
12017,Alexandria-Ref_GRE_003,Iraqi,0.01
12017,Alexandria-Ref_GRE_003,Congolese,0
12017,Alexandria-Ref_GRE_003,Eritrean,0
12017,Alexandria-Ref_GRE_003,Iranian,0
12017,Alexandria-Ref_GRE_003,Pakistani,0
12017,Alexandria-Ref_GRE_003,Palestinian,0
12017,Alexandria-Ref_GRE_003,Afghan,0
12017,Alexandria-Ref_GRE_003,Stateless,0
12017,Alexandria-Ref_GRE_003,Somali,0
12017,Alexandria-Ref_GRE_003,Kuwaiti,0
12017,Alexandria-Ref_GRE_003,Moroccan,0
12017,Alexandria-Ref_GRE_003,Egyptian,0
12017,Alexandria-Ref_GRE_003,Algerian,0
12017,Andravida_GRE_004,Syrian,1
12017,Andravida_GRE_004,Yemeni,0
12017,Andravida_GRE_004,Iraqi,0
12017,Andravida_GRE_004,Congolese,0
12017,Andravida_GRE_004,Eritrean,0
12017,Andravida_GRE_004,Iranian,0
12017,Andravida_GRE_004,Pakistani,0
12017,Andravida_GRE_004,Palestinian,0
12017,Andravida_GRE_004,Afghan,0
12017,Andravida_GRE_004,Stateless,0
12017,Andravida_GRE_004,Somali,0
12017,Andravida_GRE_004,Kuwaiti,0
12017,Andravida_GRE_004,Moroccan,0
12017,Andravida_GRE_004,Egyptian,0
12017,Andravida_GRE_004,Algerian,0
12017,XXDerveni-Alexil_GRE_007,Syrian,1
12017,XXDerveni-Alexil_GRE_007,Yemeni,0
12017,XXDerveni-Alexil_GRE_007,Iraqi,0
12017,XXDerveni-Alexil_GRE_007,Congolese,0
12017,XXDerveni-Alexil_GRE_007,Eritrean,0
12017,XXDerveni-Alexil_GRE_007,Iranian,0
12017,XXDerveni-Alexil_GRE_007,Pakistani,0
12017,XXDerveni-Alexil_GRE_007,Palestinian,0
12017,XXDerveni-Alexil_GRE_007,Afghan,0
12017,XXDerveni-Alexil_GRE_007,Stateless,0
12017,XXDerveni-Alexil_GRE_007,Somali,0
12017,XXDerveni-Alexil_GRE_007,Kuwaiti,0
12017,XXDerveni-Alexil_GRE_007,Moroccan,0
12017,XXDerveni-Alexil_GRE_007,Egyptian,0
12017,XXDerveni-Alexil_GRE_007,Algerian,0
12017,Diavata_GRE_008,Syrian,0.74
12017,Diavata_GRE_008,Afghan,0.18
12017,XXDoliana_GRE_007,Syrian,0.86
12017,XXDoliana_GRE_007,Yemeni,0
12017,XXDoliana_GRE_007,Iraqi,0
12017,XXDoliana_GRE_007,Congolese,0
12017,XXDoliana_GRE_007,Eritrean,0
12017,XXDoliana_GRE_007,Iranian,0
12017,XXDoliana_GRE_007,Pakistani,0
12017,XXDoliana_GRE_007,Palestinian,0
12017,XXDoliana_GRE_007,Afghan,0.14
12017,XXDoliana_GRE_007,Stateless,0
12017,XXDoliana_GRE_007,Somali,0
12017,XXDoliana_GRE_007,Kuwaiti,0
12017,XXDoliana_GRE_007,Moroccan,0
12017,XXDoliana_GRE_007,Egyptian,0
12017,XXDoliana_GRE_007,Algerian,0
12017,Eleonas_GRE_013 ,Syrian,0.35
12017,Eleonas_GRE_013 ,Afghan,0.55
12017,XXElliniko-Hocky_GRE_016,Syrian,0
12017,XXElliniko-Hocky_GRE_016,Yemeni,0
12017,XXElliniko-Hocky_GRE_016,Iraqi,0
12017,XXElliniko-Hocky_GRE_016,Congolese,0
12017,XXElliniko-Hocky_GRE_016,Eritrean,0
12017,XXElliniko-Hocky_GRE_016,Iranian,0
12017,XXElliniko-Hocky_GRE_016,Pakistani,0.01
12017,XXElliniko-Hocky_GRE_016,Palestinian,0
12017,XXElliniko-Hocky_GRE_016,Afghan,0.98
12017,XXElliniko-Hocky_GRE_016,Stateless,0
12017,XXElliniko-Hocky_GRE_016,Somali,0
12017,XXElliniko-Hocky_GRE_016,Kuwaiti,0
12017,XXElliniko-Hocky_GRE_016,Moroccan,0
12017,XXElliniko-Hocky_GRE_016,Egyptian,0
12017,XXElliniko-Hocky_GRE_016,Algerian,0
12017,XXFilipiada_GRE_019,Syrian,0.67
12017,XXFilipiada_GRE_019,Yemeni,0
12017,XXFilipiada_GRE_019,Iraqi,0
12017,XXFilipiada_GRE_019,Congolese,0
12017,XXFilipiada_GRE_019,Eritrean,0
12017,XXFilipiada_GRE_019,Iranian,0
12017,XXFilipiada_GRE_019,Pakistani,0
12017,XXFilipiada_GRE_019,Palestinian,0
12017,XXFilipiada_GRE_019,Afghan,0.33
12017,XXFilipiada_GRE_019,Stateless,0
12017,XXFilipiada_GRE_019,Somali,0
12017,XXFilipiada_GRE_019,Kuwaiti,0
12017,XXFilipiada_GRE_019,Moroccan,0
12017,XXFilipiada_GRE_019,Egyptian,0
12017,XXFilipiada_GRE_019,Algerian,0
12017,XXIliadi_GRE_020,Syrian,0.95
12017,XXIliadi_GRE_020,Iraqi,0.01
12017,XXKonitsa_GRE_026,Syrian,1
12017,XXKonitsa_GRE_026,Yemeni,0
12017,XXKonitsa_GRE_026,Iraqi,0
12017,XXKonitsa_GRE_026,Congolese,0
12017,XXKonitsa_GRE_026,Eritrean,0
12017,XXKonitsa_GRE_026,Iranian,0
12017,XXKonitsa_GRE_026,Pakistani,0
12017,XXKonitsa_GRE_026,Palestinian,0
12017,XXKonitsa_GRE_026,Afghan,0
12017,XXKonitsa_GRE_026,Stateless,0
12017,XXKonitsa_GRE_026,Somali,0
12017,XXKonitsa_GRE_026,Kuwaiti,0
12017,XXKonitsa_GRE_026,Moroccan,0
12017,XXKonitsa_GRE_026,Egyptian,0
12017,XXKonitsa_GRE_026,Algerian,0
12017,Lagkadikia_GRE_029 ,Syrian,0.93
12017,Lagkadikia_GRE_029 ,Yemeni,0
12017,Lagkadikia_GRE_029 ,Iraqi,0.07
12017,Lagkadikia_GRE_029 ,Congolese,0
12017,Lagkadikia_GRE_029 ,Eritrean,0
12017,Lagkadikia_GRE_029 ,Iranian,0
12017,Lagkadikia_GRE_029 ,Pakistani,0
12017,Lagkadikia_GRE_029 ,Palestinian,0
12017,Lagkadikia_GRE_029 ,Afghan,0
12017,Lagkadikia_GRE_029 ,Stateless,0
12017,Lagkadikia_GRE_029 ,Somali,0
12017,Lagkadikia_GRE_029 ,Kuwaiti,0
12017,Lagkadikia_GRE_029 ,Moroccan,0
12017,Lagkadikia_GRE_029 ,Egyptian,0
12017,Lagkadikia_GRE_029 ,Algerian,0
12017,Lavrio-New_GRE_030 ,Syrian,0.96
12017,Lavrio-New_GRE_030 ,Yemeni,0
12017,Lavrio-New_GRE_030 ,Iraqi,0
12017,Lavrio-New_GRE_030 ,Congolese,0
12017,Lavrio-New_GRE_030 ,Eritrean,0
12017,Lavrio-New_GRE_030 ,Iranian,0
12017,Lavrio-New_GRE_030 ,Pakistani,0.01
12017,Lavrio-New_GRE_030 ,Palestinian,0
12017,Lavrio-New_GRE_030 ,Afghan,0.03
12017,Lavrio-New_GRE_030 ,Stateless,0
12017,Lavrio-New_GRE_030 ,Somali,0
12017,Lavrio-New_GRE_030 ,Kuwaiti,0
12017,Lavrio-New_GRE_030 ,Moroccan,0
12017,Lavrio-New_GRE_030 ,Egyptian,0
12017,Lavrio-New_GRE_030 ,Algerian,0
12017,Leros-Lepida_GRE_032,Syrian,0.36
12017,Leros-Lepida_GRE_032,Iraqi,0.28
12017,XXMalakasa-MC_GRE_012,Afghan,0.98
12017,Moria_GRE_001,Syrian,0.11
12017,Moria_GRE_001,Afghan,0.24
12017,Nea-Kavala_GRE_034,Syrian,0.98
12017,Nea-Kavala_GRE_034,Yemeni,0
12017,Nea-Kavala_GRE_034,Iraqi,0.02
12017,Nea-Kavala_GRE_034,Congolese,0
12017,Nea-Kavala_GRE_034,Eritrean,0
12017,Nea-Kavala_GRE_034,Iranian,0
12017,Nea-Kavala_GRE_034,Pakistani,0
12017,Nea-Kavala_GRE_034,Palestinian,0
12017,Nea-Kavala_GRE_034,Afghan,0
12017,Nea-Kavala_GRE_034,Stateless,0
12017,Nea-Kavala_GRE_034,Somali,0
12017,Nea-Kavala_GRE_034,Kuwaiti,0
12017,Nea-Kavala_GRE_034,Moroccan,0
12017,Nea-Kavala_GRE_034,Egyptian,0
12017,Nea-Kavala_GRE_034,Algerian,0
12017,XXOlympic-Stadium_GRE_035,Syrian,0
12017,XXOlympic-Stadium_GRE_035,Yemeni,0
12017,XXOlympic-Stadium_GRE_035,Iraqi,0
12017,XXOlympic-Stadium_GRE_035,Congolese,0
12017,XXOlympic-Stadium_GRE_035,Eritrean,0
12017,XXOlympic-Stadium_GRE_035,Iranian,0
12017,XXOlympic-Stadium_GRE_035,Pakistani,0
12017,XXOlympic-Stadium_GRE_035,Palestinian,0
12017,XXOlympic-Stadium_GRE_035,Afghan,0.99
12017,XXOlympic-Stadium_GRE_035,Stateless,0
12017,XXOlympic-Stadium_GRE_035,Somali,0
12017,XXOlympic-Stadium_GRE_035,Kuwaiti,0
12017,XXOlympic-Stadium_GRE_035,Moroccan,0
12017,XXOlympic-Stadium_GRE_035,Egyptian,0
12017,XXOlympic-Stadium_GRE_035,Algerian,0
12017,Rafina_GRE_039,Syrian,0.52
12017,Rafina_GRE_039,Yemeni,0
12017,Rafina_GRE_039,Iraqi,0
12017,Rafina_GRE_039,Congolese,0
12017,Rafina_GRE_039,Eritrean,0
12017,Rafina_GRE_039,Iranian,0
12017,Rafina_GRE_039,Pakistani,0
12017,Rafina_GRE_039,Palestinian,0
12017,Rafina_GRE_039,Afghan,0.48
12017,Rafina_GRE_039,Stateless,0
12017,Rafina_GRE_039,Somali,0
12017,Rafina_GRE_039,Kuwaiti,0
12017,Rafina_GRE_039,Moroccan,0
12017,Rafina_GRE_039,Egyptian,0
12017,Rafina_GRE_039,Algerian,0
12017,Ritsona_GRE_040,Syrian,0.85
12017,Ritsona_GRE_040,Yemeni,0
12017,Ritsona_GRE_040,Iraqi,0.05
12017,Ritsona_GRE_040,Congolese,0
12017,Ritsona_GRE_040,Eritrean,0
12017,Ritsona_GRE_040,Iranian,0
12017,Ritsona_GRE_040,Pakistani,0
12017,Ritsona_GRE_040,Palestinian,0
12017,Ritsona_GRE_040,Afghan,0.1
12017,Ritsona_GRE_040,Stateless,0
12017,Ritsona_GRE_040,Somali,0
12017,Ritsona_GRE_040,Kuwaiti,0
12017,Ritsona_GRE_040,Moroccan,0
12017,Ritsona_GRE_040,Egyptian,0
12017,Ritsona_GRE_040,Algerian,0
12017,XXSindos-Frakapore_GRE_043,Syrian,0.99
12017,XXSindos-Frakapore_GRE_043,Yemeni,0
12017,XXSindos-Frakapore_GRE_043,Iraqi,0.01
12017,XXSindos-Frakapore_GRE_043,Congolese,0
12017,XXSindos-Frakapore_GRE_043,Eritrean,0
12017,XXSindos-Frakapore_GRE_043,Iranian,0
12017,XXSindos-Frakapore_GRE_043,Pakistani,0
12017,XXSindos-Frakapore_GRE_043,Palestinian,0
12017,XXSindos-Frakapore_GRE_043,Afghan,0
12017,XXSindos-Frakapore_GRE_043,Stateless,0
12017,XXSindos-Frakapore_GRE_043,Somali,0
12017,XXSindos-Frakapore_GRE_043,Kuwaiti,0
12017,XXSindos-Frakapore_GRE_043,Moroccan,0
12017,XXSindos-Frakapore_GRE_043,Egyptian,0
12017,XXSindos-Frakapore_GRE_043,Algerian,0
12017,Skaramangas_GRE_014,Syrian,0.65
12017,Skaramangas_GRE_014,Yemeni,0
12017,Skaramangas_GRE_014,Iraqi,0.25
12017,Skaramangas_GRE_014,Congolese,0
12017,Skaramangas_GRE_014,Eritrean,0
12017,Skaramangas_GRE_014,Iranian,0
12017,Skaramangas_GRE_014,Pakistani,0
12017,Skaramangas_GRE_014,Palestinian,0
12017,Skaramangas_GRE_014,Afghan,0.1
12017,Skaramangas_GRE_014,Stateless,0
12017,Skaramangas_GRE_014,Somali,0
12017,Skaramangas_GRE_014,Kuwaiti,0
12017,Skaramangas_GRE_014,Moroccan,0
12017,Skaramangas_GRE_014,Egyptian,0
12017,Skaramangas_GRE_014,Algerian,0
12017,Vathi-Samos_GRE_053,Syrian,0.33
12017,Vathi-Samos_GRE_053,Afghan,0.16
12017,XXSoftex_GRE_045,Syrian,0.9
12017,XXSoftex_GRE_045,Iraqi,0.08
12017,XXSouda-Samns-Purse_GRE_046,Syrian,0.46
12017,XXSouda-Samns-Purse_GRE_046,Iraqi,0.12
12017,XXTrikala_GRE_048,Syrian,0.95
12017,XXTrikala_GRE_048,Iraqi,0.03
12017,Veria_GRE_054,Syrian,0.96
12017,Veria_GRE_054,Yemeni,0
12017,Veria_GRE_054,Iraqi,0.04
12017,Veria_GRE_054,Congolese,0
12017,Veria_GRE_054,Eritrean,0
12017,Veria_GRE_054,Iranian,0
12017,Veria_GRE_054,Pakistani,0
12017,Veria_GRE_054,Palestinian,0
12017,Veria_GRE_054,Afghan,0
12017,Veria_GRE_054,Stateless,0
12017,Veria_GRE_054,Somali,0
12017,Veria_GRE_054,Kuwaiti,0
12017,Veria_GRE_054,Moroccan,0
12017,Veria_GRE_054,Egyptian,0
12017,Veria_GRE_054,Algerian,0
12017,XXVial-Chios-NRC_GRE_066,Syrian,0.37
12017,XXVial-Chios-NRC_GRE_066,Afghan,0.41
12017,Kos_GRE_027,Syrian,0.02
12017,Kos_GRE_027,Pakistani,0.94
62017,Kos_GRE_027,Syrian,0.08
62017,Kos_GRE_027,Iraqi,0.16
62017,Kos_GRE_027,Pakistani,0.6
62017,Kos_GRE_027,Afghan,0.08
62017,Alexandria-Ref_GRE_003,Syrian,0.81
62017,Alexandria-Ref_GRE_003,Iraqi,0.14
62017,Andravida_GRE_004,Syrian,0.99
62017,Andravida_GRE_004,Yemeni,0
62017,Andravida_GRE_004,Iraqi,0.01
62017,Andravida_GRE_004,Congolese,0
62017,Andravida_GRE_004,Eritrean,0
62017,Andravida_GRE_004,Iranian,0
62017,Andravida_GRE_004,Pakistani,0
62017,Andravida_GRE_004,Palestinian,0
62017,Andravida_GRE_004,Afghan,0
62017,Andravida_GRE_004,Stateless,0
62017,Andravida_GRE_004,Somali,0
62017,Andravida_GRE_004,Kuwaiti,0
62017,Andravida_GRE_004,Moroccan,0
62017,Andravida_GRE_004,Egyptian,0
62017,Andravida_GRE_004,Algerian,0
62017,XXDerveni-Alexil_GRE_007,Syrian,0.85
62017,XXDerveni-Alexil_GRE_007,Yemeni,0
62017,XXDerveni-Alexil_GRE_007,Iraqi,0.15
62017,XXDerveni-Alexil_GRE_007,Congolese,0
62017,XXDerveni-Alexil_GRE_007,Eritrean,0
62017,XXDerveni-Alexil_GRE_007,Iranian,0
62017,XXDerveni-Alexil_GRE_007,Pakistani,0
62017,XXDerveni-Alexil_GRE_007,Palestinian,0
62017,XXDerveni-Alexil_GRE_007,Afghan,0
62017,XXDerveni-Alexil_GRE_007,Stateless,0
62017,XXDerveni-Alexil_GRE_007,Somali,0
62017,XXDerveni-Alexil_GRE_007,Kuwaiti,0
62017,XXDerveni-Alexil_GRE_007,Moroccan,0
62017,XXDerveni-Alexil_GRE_007,Egyptian,0
62017,XXDerveni-Alexil_GRE_007,Algerian,0
62017,Diavata_GRE_008,Syrian,0.46
62017,Diavata_GRE_008,Pakistani,0.09
62017,Diavata_GRE_008,Palestinian,0.01
62017,Diavata_GRE_008,Afghan,0.39
62017,XXDoliana_GRE_007,Syrian,1
62017,XXDoliana_GRE_007,Yemeni,0
62017,XXDoliana_GRE_007,Iraqi,0
62017,XXDoliana_GRE_007,Congolese,0
62017,XXDoliana_GRE_007,Eritrean,0
62017,XXDoliana_GRE_007,Iranian,0
62017,XXDoliana_GRE_007,Pakistani,0
62017,XXDoliana_GRE_007,Palestinian,0
62017,XXDoliana_GRE_007,Afghan,0
62017,XXDoliana_GRE_007,Stateless,0
62017,XXDoliana_GRE_007,Somali,0
62017,XXDoliana_GRE_007,Kuwaiti,0
62017,XXDoliana_GRE_007,Moroccan,0
62017,XXDoliana_GRE_007,Egyptian,0
62017,XXDoliana_GRE_007,Algerian,0
62017,XXFilipiada_GRE_019,Syrian,0.43
62017,XXFilipiada_GRE_019,Iraqi,0.13
62017,XXFilipiada_GRE_019,Iranian,0.14
62017,XXFilipiada_GRE_019,Afghan,0.28
62017,XXKonitsa_GRE_026,Syrian,0.96
62017,XXKonitsa_GRE_026,Yemeni,0
62017,XXKonitsa_GRE_026,Iraqi,0.04
62017,XXKonitsa_GRE_026,Congolese,0
62017,XXKonitsa_GRE_026,Eritrean,0
62017,XXKonitsa_GRE_026,Iranian,0
62017,XXKonitsa_GRE_026,Pakistani,0
62017,XXKonitsa_GRE_026,Palestinian,0
62017,XXKonitsa_GRE_026,Afghan,0
62017,XXKonitsa_GRE_026,Stateless,0
62017,XXKonitsa_GRE_026,Somali,0
62017,XXKonitsa_GRE_026,Kuwaiti,0
62017,XXKonitsa_GRE_026,Moroccan,0
62017,XXKonitsa_GRE_026,Egyptian,0
62017,XXKonitsa_GRE_026,Algerian,0
62017,Koutsochero_GRE_028 ,Syrian,0.75
62017,Koutsochero_GRE_028 ,Iraqi,0.15
62017,Koutsochero_GRE_028 ,Congolese,0.01
62017,Koutsochero_GRE_028 ,Palestinian,0.02
62017,Lavrio-New_GRE_030 ,Syrian,0.94
62017,Lavrio-New_GRE_030 ,Yemeni,0
62017,Lavrio-New_GRE_030 ,Iraqi,0
62017,Lavrio-New_GRE_030 ,Congolese,0
62017,Lavrio-New_GRE_030 ,Eritrean,0
62017,Lavrio-New_GRE_030 ,Iranian,0.02
62017,Lavrio-New_GRE_030 ,Pakistani,0.01
62017,Lavrio-New_GRE_030 ,Palestinian,0
62017,Lavrio-New_GRE_030 ,Afghan,0.03
62017,Lavrio-New_GRE_030 ,Stateless,0
62017,Lavrio-New_GRE_030 ,Somali,0
62017,Lavrio-New_GRE_030 ,Kuwaiti,0
62017,Lavrio-New_GRE_030 ,Moroccan,0
62017,Lavrio-New_GRE_030 ,Egyptian,0
62017,Lavrio-New_GRE_030 ,Algerian,0
62017,Nea-Kavala_GRE_034,Syrian,0.34
62017,Nea-Kavala_GRE_034,Iraqi,0.13
62017,Nea-Kavala_GRE_034,Congolese,0.08
62017,Nea-Kavala_GRE_034,Eritrean,0.12
62017,Volos_GRE_055,Syrian,0.8
62017,Volos_GRE_055,Yemeni,0
62017,Volos_GRE_055,Iraqi,0.1
62017,Volos_GRE_055,Congolese,0
62017,Volos_GRE_055,Eritrean,0
62017,Volos_GRE_055,Iranian,0
62017,Volos_GRE_055,Pakistani,0
62017,Volos_GRE_055,Palestinian,0.1
62017,Volos_GRE_055,Afghan,0
62017,Volos_GRE_055,Stateless,0
62017,Volos_GRE_055,Somali,0
62017,Volos_GRE_055,Kuwaiti,0
62017,Volos_GRE_055,Moroccan,0
62017,Volos_GRE_055,Egyptian,0
62017,Volos_GRE_055,Algerian,0
62017,Vathi-Samos_GRE_053,Syrian,0.39
62017,Vathi-Samos_GRE_053,Iraqi,0.18
62017,Vathi-Samos_GRE_053,Afghan,0.11
62017,Vathi-Samos_GRE_053,Algerian,0.09
62017,Rafina_GRE_039,Syrian,0.52
62017,Rafina_GRE_039,Afghan,0.41
62017,XXSouda-Samns-Purse_GRE_046,Syrian,0.38
62017,XXSouda-Samns-Purse_GRE_046,Iraqi,0.16
62017,XXSouda-Samns-Purse_GRE_046,Pakistani,0.06
62017,XXSouda-Samns-Purse_GRE_046,Algerian,0.11
62017,XXTrikala_GRE_048,Syrian,0.76
62017,XXTrikala_GRE_048,Yemeni,0
62017,XXTrikala_GRE_048,Iraqi,0.01
62017,XXTrikala_GRE_048,Congolese,0
62017,XXTrikala_GRE_048,Eritrean,0
62017,XXTrikala_GRE_048,Iranian,0
62017,XXTrikala_GRE_048,Pakistani,0
62017,XXTrikala_GRE_048,Palestinian,0.2
62017,XXTrikala_GRE_048,Afghan,0.03
62017,XXTrikala_GRE_048,Stateless,0
62017,XXTrikala_GRE_048,Somali,0
62017,XXTrikala_GRE_048,Kuwaiti,0
62017,XXTrikala_GRE_048,Moroccan,0
62017,XXTrikala_GRE_048,Egyptian,0
62017,XXTrikala_GRE_048,Algerian,0
62017,XXSoftex_GRE_045,Syrian,0.5
62017,XXSoftex_GRE_045,Iraqi,0.05
62017,XXSoftex_GRE_045,Moroccan,0.05
62017,XXSoftex_GRE_045,Algerian,0.25
62017,Veria_GRE_054,Syrian,0.86
62017,Veria_GRE_054,Yemeni,0
62017,Veria_GRE_054,Iraqi,0.1
62017,Veria_GRE_054,Congolese,0
62017,Veria_GRE_054,Eritrean,0
62017,Veria_GRE_054,Iranian,0
62017,Veria_GRE_054,Pakistani,0
62017,Veria_GRE_054,Palestinian,0.04
62017,Veria_GRE_054,Afghan,0
62017,Veria_GRE_054,Stateless,0
62017,Veria_GRE_054,Somali,0
62017,Veria_GRE_054,Kuwaiti,0
62017,Veria_GRE_054,Moroccan,0
62017,Veria_GRE_054,Egyptian,0
62017,Veria_GRE_054,Algerian,0
62017,XXVial-Chios-NRC_GRE_066,Syrian,0.5
62017,XXVial-Chios-NRC_GRE_066,Iraqi,0.09
62017,XXVial-Chios-NRC_GRE_066,Palestinian,0.04
62017,XXVial-Chios-NRC_GRE_066,Afghan,0.17
62017,Lagkadikia_GRE_029 ,Syrian,0.89
62017,Lagkadikia_GRE_029 ,Yemeni,0
62017,Lagkadikia_GRE_029 ,Iraqi,0.11
62017,Lagkadikia_GRE_029 ,Congolese,0
62017,Lagkadikia_GRE_029 ,Eritrean,0
62017,Lagkadikia_GRE_029 ,Iranian,0
62017,Lagkadikia_GRE_029 ,Pakistani,0
62017,Lagkadikia_GRE_029 ,Palestinian,0
62017,Lagkadikia_GRE_029 ,Afghan,0
62017,Lagkadikia_GRE_029 ,Stateless,0
62017,Lagkadikia_GRE_029 ,Somali,0
62017,Lagkadikia_GRE_029 ,Kuwaiti,0
62017,Lagkadikia_GRE_029 ,Moroccan,0
62017,Lagkadikia_GRE_029 ,Egyptian,0
62017,Lagkadikia_GRE_029 ,Algerian,0
62017,Skaramangas_GRE_014,Syrian,0.55
62017,Skaramangas_GRE_014,Yemeni,0
62017,Skaramangas_GRE_014,Iraqi,0.32
62017,Skaramangas_GRE_014,Congolese,0
62017,Skaramangas_GRE_014,Eritrean,0
62017,Skaramangas_GRE_014,Iranian,0.01
62017,Skaramangas_GRE_014,Pakistani,0
62017,Skaramangas_GRE_014,Palestinian,0.03
62017,Skaramangas_GRE_014,Afghan,0.09
62017,Skaramangas_GRE_014,Stateless,0
62017,Skaramangas_GRE_014,Somali,0
62017,Skaramangas_GRE_014,Kuwaiti,0
62017,Skaramangas_GRE_014,Moroccan,0
62017,Skaramangas_GRE_014,Egyptian,0
62017,Skaramangas_GRE_014,Algerian,0
42016,Alexandria-Ref_GRE_003,Syrian,0.96
42016,Alexandria-Ref_GRE_003,Yemeni,0
42016,Alexandria-Ref_GRE_003,Iraqi,0.03
42016,Alexandria-Ref_GRE_003,Congolese,0
42016,Alexandria-Ref_GRE_003,Eritrean,0
42016,Alexandria-Ref_GRE_003,Iranian,0
42016,Alexandria-Ref_GRE_003,Pakistani,0
42016,Alexandria-Ref_GRE_003,Palestinian,0
42016,Alexandria-Ref_GRE_003,Afghan,0
42016,Alexandria-Ref_GRE_003,Stateless,0
42016,Alexandria-Ref_GRE_003,Somali,0
42016,Alexandria-Ref_GRE_003,Kuwaiti,0
42016,Alexandria-Ref_GRE_003,Moroccan,0
42016,Alexandria-Ref_GRE_003,Egyptian,0
42016,Alexandria-Ref_GRE_003,Algerian,0
42016,Andravida_GRE_004,Syrian,1
42016,Andravida_GRE_004,Yemeni,0
42016,Andravida_GRE_004,Iraqi,0
42016,Andravida_GRE_004,Congolese,0
42016,Andravida_GRE_004,Eritrean,0
42016,Andravida_GRE_004,Iranian,0
42016,Andravida_GRE_004,Pakistani,0
42016,Andravida_GRE_004,Palestinian,0
42016,Andravida_GRE_004,Afghan,0
42016,Andravida_GRE_004,Stateless,0
42016,Andravida_GRE_004,Somali,0
42016,Andravida_GRE_004,Kuwaiti,0
42016,Andravida_GRE_004,Moroccan,0
42016,Andravida_GRE_004,Egyptian,0
42016,Andravida_GRE_004,Algerian,0
42016,XXCherso_GRE_005,Syrian,0.65
42016,XXCherso_GRE_005,Yemeni,0
42016,XXCherso_GRE_005,Iraqi,0.35
42016,XXCherso_GRE_005,Congolese,0
42016,XXCherso_GRE_005,Eritrean,0
42016,XXCherso_GRE_005,Iranian,0
42016,XXCherso_GRE_005,Pakistani,0
42016,XXCherso_GRE_005,Palestinian,0
42016,XXCherso_GRE_005,Afghan,0
42016,XXCherso_GRE_005,Stateless,0
42016,XXCherso_GRE_005,Somali,0
42016,XXCherso_GRE_005,Kuwaiti,0
42016,XXCherso_GRE_005,Moroccan,0
42016,XXCherso_GRE_005,Egyptian,0
42016,XXCherso_GRE_005,Algerian,0
42016,XXDerveni-Alexil_GRE_007,Syrian,1
42016,XXDerveni-Alexil_GRE_007,Yemeni,0
42016,XXDerveni-Alexil_GRE_007,Iraqi,0
42016,XXDerveni-Alexil_GRE_007,Congolese,0
42016,XXDerveni-Alexil_GRE_007,Eritrean,0
42016,XXDerveni-Alexil_GRE_007,Iranian,0
42016,XXDerveni-Alexil_GRE_007,Pakistani,0
42016,XXDerveni-Alexil_GRE_007,Palestinian,0
42016,XXDerveni-Alexil_GRE_007,Afghan,0
42016,XXDerveni-Alexil_GRE_007,Stateless,0
42016,XXDerveni-Alexil_GRE_007,Somali,0
42016,XXDerveni-Alexil_GRE_007,Kuwaiti,0
42016,XXDerveni-Alexil_GRE_007,Moroccan,0
42016,XXDerveni-Alexil_GRE_007,Egyptian,0
42016,XXDerveni-Alexil_GRE_007,Algerian,0
42016,Diavata_GRE_008,Syrian,0.75
42016,Diavata_GRE_008,Iraqi,0.12
42016,Diavata_GRE_008,Afghan,0.11
42016,XXDoliana_GRE_007,Syrian,0.72
42016,XXDoliana_GRE_007,Afghan,0.18
42016,Drama_GRE_011,Syrian,0.75
42016,Drama_GRE_011,Yemeni,0
42016,Drama_GRE_011,Iraqi,0.25
42016,Drama_GRE_011,Congolese,0
42016,Drama_GRE_011,Eritrean,0
42016,Drama_GRE_011,Iranian,0
42016,Drama_GRE_011,Pakistani,0
42016,Drama_GRE_011,Palestinian,0
42016,Drama_GRE_011,Afghan,0
42016,Drama_GRE_011,Stateless,0
42016,Drama_GRE_011,Somali,0
42016,Drama_GRE_011,Kuwaiti,0
42016,Drama_GRE_011,Moroccan,0
42016,Drama_GRE_011,Egyptian,0
42016,Drama_GRE_011,Algerian,0
42016,Eleonas_GRE_013 ,Syrian,0.4
42016,Eleonas_GRE_013 ,Afghan,0.5
42016,XXElliniko-Hocky_GRE_016,Pakistani,0.01
42016,XXElliniko-Hocky_GRE_016,Afghan,0.9
42016,XXFilipiada_GRE_019,Syrian,0.5
42016,XXFilipiada_GRE_019,Iraqi,0.25
42016,XXKonitsa_GRE_026,Syrian,1
42016,XXKonitsa_GRE_026,Yemeni,0
42016,XXKonitsa_GRE_026,Iraqi,0
42016,XXKonitsa_GRE_026,Congolese,0
42016,XXKonitsa_GRE_026,Eritrean,0
42016,XXKonitsa_GRE_026,Iranian,0
42016,XXKonitsa_GRE_026,Pakistani,0
42016,XXKonitsa_GRE_026,Palestinian,0
42016,XXKonitsa_GRE_026,Afghan,0
42016,XXKonitsa_GRE_026,Stateless,0
42016,XXKonitsa_GRE_026,Somali,0
42016,XXKonitsa_GRE_026,Kuwaiti,0
42016,XXKonitsa_GRE_026,Moroccan,0
42016,XXKonitsa_GRE_026,Egyptian,0
42016,XXKonitsa_GRE_026,Algerian,0
42016,Koutsochero_GRE_028 ,Syrian,0.15
42016,Koutsochero_GRE_028 ,Afghan,0.8
42016,Lagkadikia_GRE_029 ,Syrian,0.94
42016,Lagkadikia_GRE_029 ,Yemeni,0
42016,Lagkadikia_GRE_029 ,Iraqi,0.05
42016,Lagkadikia_GRE_029 ,Congolese,0
42016,Lagkadikia_GRE_029 ,Eritrean,0
42016,Lagkadikia_GRE_029 ,Iranian,0
42016,Lagkadikia_GRE_029 ,Pakistani,0
42016,Lagkadikia_GRE_029 ,Palestinian,0
42016,Lagkadikia_GRE_029 ,Afghan,0.01
42016,Lagkadikia_GRE_029 ,Stateless,0
42016,Lagkadikia_GRE_029 ,Somali,0
42016,Lagkadikia_GRE_029 ,Kuwaiti,0
42016,Lagkadikia_GRE_029 ,Moroccan,0
42016,Lagkadikia_GRE_029 ,Egyptian,0
42016,Lagkadikia_GRE_029 ,Algerian,0
42016,Lavrio-New_GRE_030 ,Syrian,0.53
42016,Lavrio-New_GRE_030 ,Afghan,0.23
42016,XXMalakasa-MC_GRE_012,Syrian,0
42016,XXMalakasa-MC_GRE_012,Yemeni,0
42016,XXMalakasa-MC_GRE_012,Iraqi,0
42016,XXMalakasa-MC_GRE_012,Congolese,0
42016,XXMalakasa-MC_GRE_012,Eritrean,0
42016,XXMalakasa-MC_GRE_012,Iranian,0
42016,XXMalakasa-MC_GRE_012,Pakistani,0
42016,XXMalakasa-MC_GRE_012,Palestinian,0
42016,XXMalakasa-MC_GRE_012,Afghan,1
42016,XXMalakasa-MC_GRE_012,Stateless,0
42016,XXMalakasa-MC_GRE_012,Somali,0
42016,XXMalakasa-MC_GRE_012,Kuwaiti,0
42016,XXMalakasa-MC_GRE_012,Moroccan,0
42016,XXMalakasa-MC_GRE_012,Egyptian,0
42016,XXMalakasa-MC_GRE_012,Algerian,0
42016,XXOlympic-Stadium_GRE_035,Iraqi,0.02
42016,XXOlympic-Stadium_GRE_035,Afghan,0.92
42016,Ritsona_GRE_040,Syrian,0.8
42016,Ritsona_GRE_040,Iraqi,0.15
42016,XXSindos-Frakapore_GRE_043,Syrian,0.9
42016,XXSindos-Frakapore_GRE_043,Iraqi,0.07
42016,Skaramangas_GRE_014,Syrian,0.74
42016,Skaramangas_GRE_014,Yemeni,0
42016,Skaramangas_GRE_014,Iraqi,0.25
42016,Skaramangas_GRE_014,Congolese,0
42016,Skaramangas_GRE_014,Eritrean,0
42016,Skaramangas_GRE_014,Iranian,0
42016,Skaramangas_GRE_014,Pakistani,0
42016,Skaramangas_GRE_014,Palestinian,0
42016,Skaramangas_GRE_014,Afghan,0.01
42016,Skaramangas_GRE_014,Stateless,0
42016,Skaramangas_GRE_014,Somali,0
42016,Skaramangas_GRE_014,Kuwaiti,0
42016,Skaramangas_GRE_014,Moroccan,0
42016,Skaramangas_GRE_014,Egyptian,0
42016,Skaramangas_GRE_014,Algerian,0
42016,XXSoftex_GRE_045,Syrian,0.99
42016,XXSoftex_GRE_045,Yemeni,0
42016,XXSoftex_GRE_045,Iraqi,0
42016,XXSoftex_GRE_045,Congolese,0
42016,XXSoftex_GRE_045,Eritrean,0
42016,XXSoftex_GRE_045,Iranian,0
42016,XXSoftex_GRE_045,Pakistani,0
42016,XXSoftex_GRE_045,Palestinian,0
42016,XXSoftex_GRE_045,Afghan,0
42016,XXSoftex_GRE_045,Stateless,0
42016,XXSoftex_GRE_045,Somali,0
42016,XXSoftex_GRE_045,Kuwaiti,0
42016,XXSoftex_GRE_045,Moroccan,0
42016,XXSoftex_GRE_045,Egyptian,0
42016,XXSoftex_GRE_045,Algerian,0
42016,Veria_GRE_054,Syrian,0.97
42016,Veria_GRE_054,Yemeni,0
42016,Veria_GRE_054,Iraqi,0.03
42016,Veria_GRE_054,Congolese,0
42016,Veria_GRE_054,Eritrean,0
42016,Veria_GRE_054,Iranian,0
42016,Veria_GRE_054,Pakistani,0
42016,Veria_GRE_054,Palestinian,0
42016,Veria_GRE_054,Afghan,0
42016,Veria_GRE_054,Stateless,0
42016,Veria_GRE_054,Somali,0
42016,Veria_GRE_054,Kuwaiti,0
42016,Veria_GRE_054,Moroccan,0
42016,Veria_GRE_054,Egyptian,0
42016,Veria_GRE_054,Algerian,0
42016,Volos_GRE_055,Syrian,1
42016,Volos_GRE_055,Yemeni,0
42016,Volos_GRE_055,Iraqi,0
42016,Volos_GRE_055,Congolese,0
42016,Volos_GRE_055,Eritrean,0
42016,Volos_GRE_055,Iranian,0
42016,Volos_GRE_055,Pakistani,0
42016,Volos_GRE_055,Palestinian,0
42016,Volos_GRE_055,Afghan,0
42016,Volos_GRE_055,Stateless,0
42016,Volos_GRE_055,Somali,0
42016,Volos_GRE_055,Kuwaiti,0
42016,Volos_GRE_055,Moroccan,0
42016,Volos_GRE_055,Egyptian,0
42016,Volos_GRE_055,Algerian,0
42016,Nea-Kavala_GRE_034,Syrian,0.77
42016,Nea-Kavala_GRE_034,Yemeni,0
42016,Nea-Kavala_GRE_034,Iraqi,0.22
42016,Nea-Kavala_GRE_034,Congolese,0
42016,Nea-Kavala_GRE_034,Eritrean,0
42016,Nea-Kavala_GRE_034,Iranian,0
42016,Nea-Kavala_GRE_034,Pakistani,0
42016,Nea-Kavala_GRE_034,Palestinian,0
42016,Nea-Kavala_GRE_034,Afghan,0
42016,Nea-Kavala_GRE_034,Stateless,0
42016,Nea-Kavala_GRE_034,Somali,0
42016,Nea-Kavala_GRE_034,Kuwaiti,0
42016,Nea-Kavala_GRE_034,Moroccan,0
42016,Nea-Kavala_GRE_034,Egyptian,0
42016,Nea-Kavala_GRE_034,Algerian,0
102016,Alexandria-Ref_GRE_003,Syrian,1
102016,Alexandria-Ref_GRE_003,Yemeni,0
102016,Alexandria-Ref_GRE_003,Iraqi,0
102016,Alexandria-Ref_GRE_003,Congolese,0
102016,Alexandria-Ref_GRE_003,Eritrean,0
102016,Alexandria-Ref_GRE_003,Iranian,0
102016,Alexandria-Ref_GRE_003,Pakistani,0
102016,Alexandria-Ref_GRE_003,Palestinian,0
102016,Alexandria-Ref_GRE_003,Afghan,0
102016,Alexandria-Ref_GRE_003,Stateless,0
102016,Alexandria-Ref_GRE_003,Somali,0
102016,Alexandria-Ref_GRE_003,Kuwaiti,0
102016,Alexandria-Ref_GRE_003,Moroccan,0
102016,Alexandria-Ref_GRE_003,Egyptian,0
102016,Alexandria-Ref_GRE_003,Algerian,0
102016,Andravida_GRE_004,Syrian,1
102016,Andravida_GRE_004,Yemeni,0
102016,Andravida_GRE_004,Iraqi,0
102016,Andravida_GRE_004,Congolese,0
102016,Andravida_GRE_004,Eritrean,0
102016,Andravida_GRE_004,Iranian,0
102016,Andravida_GRE_004,Pakistani,0
102016,Andravida_GRE_004,Palestinian,0
102016,Andravida_GRE_004,Afghan,0
102016,Andravida_GRE_004,Stateless,0
102016,Andravida_GRE_004,Somali,0
102016,Andravida_GRE_004,Kuwaiti,0
102016,Andravida_GRE_004,Moroccan,0
102016,Andravida_GRE_004,Egyptian,0
102016,Andravida_GRE_004,Algerian,0
102016,XXCherso_GRE_005,Syrian,0.8
102016,XXCherso_GRE_005,Yemeni,0
102016,XXCherso_GRE_005,Iraqi,0.2
102016,XXCherso_GRE_005,Congolese,0
102016,XXCherso_GRE_005,Eritrean,0
102016,XXCherso_GRE_005,Iranian,0
102016,XXCherso_GRE_005,Pakistani,0
102016,XXCherso_GRE_005,Palestinian,0
102016,XXCherso_GRE_005,Afghan,0
102016,XXCherso_GRE_005,Stateless,0
102016,XXCherso_GRE_005,Somali,0
102016,XXCherso_GRE_005,Kuwaiti,0
102016,XXCherso_GRE_005,Moroccan,0
102016,XXCherso_GRE_005,Egyptian,0
102016,XXCherso_GRE_005,Algerian,0
102016,XXDerveni-Alexil_GRE_007,Syrian,1
102016,XXDerveni-Alexil_GRE_007,Yemeni,0
102016,XXDerveni-Alexil_GRE_007,Iraqi,0
102016,XXDerveni-Alexil_GRE_007,Congolese,0
102016,XXDerveni-Alexil_GRE_007,Eritrean,0
102016,XXDerveni-Alexil_GRE_007,Iranian,0
102016,XXDerveni-Alexil_GRE_007,Pakistani,0
102016,XXDerveni-Alexil_GRE_007,Palestinian,0
102016,XXDerveni-Alexil_GRE_007,Afghan,0
102016,XXDerveni-Alexil_GRE_007,Stateless,0
102016,XXDerveni-Alexil_GRE_007,Somali,0
102016,XXDerveni-Alexil_GRE_007,Kuwaiti,0
102016,XXDerveni-Alexil_GRE_007,Moroccan,0
102016,XXDerveni-Alexil_GRE_007,Egyptian,0
102016,XXDerveni-Alexil_GRE_007,Algerian,0
102016,Diavata_GRE_008,Syrian,0.81
102016,Diavata_GRE_008,Afghan,0.12
102016,XXDoliana_GRE_007,Syrian,0.76
102016,XXDoliana_GRE_007,Yemeni,0
102016,XXDoliana_GRE_007,Iraqi,0
102016,XXDoliana_GRE_007,Congolese,0
102016,XXDoliana_GRE_007,Eritrean,0
102016,XXDoliana_GRE_007,Iranian,0
102016,XXDoliana_GRE_007,Pakistani,0
102016,XXDoliana_GRE_007,Palestinian,0
102016,XXDoliana_GRE_007,Afghan,0.23
102016,XXDoliana_GRE_007,Stateless,0
102016,XXDoliana_GRE_007,Somali,0
102016,XXDoliana_GRE_007,Kuwaiti,0
102016,XXDoliana_GRE_007,Moroccan,0
102016,XXDoliana_GRE_007,Egyptian,0
102016,XXDoliana_GRE_007,Algerian,0
102016,Drama_GRE_011,Syrian,0.99
102016,Drama_GRE_011,Yemeni,0
102016,Drama_GRE_011,Iraqi,0.01
102016,Drama_GRE_011,Congolese,0
102016,Drama_GRE_011,Eritrean,0
102016,Drama_GRE_011,Iranian,0
102016,Drama_GRE_011,Pakistani,0
102016,Drama_GRE_011,Palestinian,0
102016,Drama_GRE_011,Afghan,0
102016,Drama_GRE_011,Stateless,0
102016,Drama_GRE_011,Somali,0
102016,Drama_GRE_011,Kuwaiti,0
102016,Drama_GRE_011,Moroccan,0
102016,Drama_GRE_011,Egyptian,0
102016,Drama_GRE_011,Algerian,0
102016,Eleonas_GRE_013 ,Syrian,0.35
102016,Eleonas_GRE_013 ,Afghan,0.55
102016,XXElliniko-Hocky_GRE_016,Syrian,0
102016,XXElliniko-Hocky_GRE_016,Yemeni,0
102016,XXElliniko-Hocky_GRE_016,Iraqi,0
102016,XXElliniko-Hocky_GRE_016,Congolese,0
102016,XXElliniko-Hocky_GRE_016,Eritrean,0
102016,XXElliniko-Hocky_GRE_016,Iranian,0
102016,XXElliniko-Hocky_GRE_016,Pakistani,0.01
102016,XXElliniko-Hocky_GRE_016,Palestinian,0
102016,XXElliniko-Hocky_GRE_016,Afghan,0.98
102016,XXElliniko-Hocky_GRE_016,Stateless,0
102016,XXElliniko-Hocky_GRE_016,Somali,0
102016,XXElliniko-Hocky_GRE_016,Kuwaiti,0
102016,XXElliniko-Hocky_GRE_016,Moroccan,0
102016,XXElliniko-Hocky_GRE_016,Egyptian,0
102016,XXElliniko-Hocky_GRE_016,Algerian,0
102016,XXFilipiada_GRE_019,Syrian,0.85
102016,XXFilipiada_GRE_019,Yemeni,0
102016,XXFilipiada_GRE_019,Iraqi,0
102016,XXFilipiada_GRE_019,Congolese,0
102016,XXFilipiada_GRE_019,Eritrean,0
102016,XXFilipiada_GRE_019,Iranian,0
102016,XXFilipiada_GRE_019,Pakistani,0.01
102016,XXFilipiada_GRE_019,Palestinian,0
102016,XXFilipiada_GRE_019,Afghan,0.14
102016,XXFilipiada_GRE_019,Stateless,0
102016,XXFilipiada_GRE_019,Somali,0
102016,XXFilipiada_GRE_019,Kuwaiti,0
102016,XXFilipiada_GRE_019,Moroccan,0
102016,XXFilipiada_GRE_019,Egyptian,0
102016,XXFilipiada_GRE_019,Algerian,0
102016,XXIliadi_GRE_020,Syrian,0.98
102016,XXIliadi_GRE_020,Yemeni,0
102016,XXIliadi_GRE_020,Iraqi,0.01
102016,XXIliadi_GRE_020,Congolese,0
102016,XXIliadi_GRE_020,Eritrean,0
102016,XXIliadi_GRE_020,Iranian,0
102016,XXIliadi_GRE_020,Pakistani,0
102016,XXIliadi_GRE_020,Palestinian,0
102016,XXIliadi_GRE_020,Afghan,0
102016,XXIliadi_GRE_020,Stateless,0
102016,XXIliadi_GRE_020,Somali,0
102016,XXIliadi_GRE_020,Kuwaiti,0
102016,XXIliadi_GRE_020,Moroccan,0
102016,XXIliadi_GRE_020,Egyptian,0
102016,XXIliadi_GRE_020,Algerian,0
102016,Kavala_GRE_024,Syrian,0.99
102016,Kavala_GRE_024,Yemeni,0
102016,Kavala_GRE_024,Iraqi,0.01
102016,Kavala_GRE_024,Congolese,0
102016,Kavala_GRE_024,Eritrean,0
102016,Kavala_GRE_024,Iranian,0
102016,Kavala_GRE_024,Pakistani,0
102016,Kavala_GRE_024,Palestinian,0
102016,Kavala_GRE_024,Afghan,0
102016,Kavala_GRE_024,Stateless,0
102016,Kavala_GRE_024,Somali,0
102016,Kavala_GRE_024,Kuwaiti,0
102016,Kavala_GRE_024,Moroccan,0
102016,Kavala_GRE_024,Egyptian,0
102016,Kavala_GRE_024,Algerian,0
102016,XXKonitsa_GRE_026,Syrian,1
102016,XXKonitsa_GRE_026,Yemeni,0
102016,XXKonitsa_GRE_026,Iraqi,0
102016,XXKonitsa_GRE_026,Congolese,0
102016,XXKonitsa_GRE_026,Eritrean,0
102016,XXKonitsa_GRE_026,Iranian,0
102016,XXKonitsa_GRE_026,Pakistani,0
102016,XXKonitsa_GRE_026,Palestinian,0
102016,XXKonitsa_GRE_026,Afghan,0
102016,XXKonitsa_GRE_026,Stateless,0
102016,XXKonitsa_GRE_026,Somali,0
102016,XXKonitsa_GRE_026,Kuwaiti,0
102016,XXKonitsa_GRE_026,Moroccan,0
102016,XXKonitsa_GRE_026,Egyptian,0
102016,XXKonitsa_GRE_026,Algerian,0
102016,Kos_GRE_027,Pakistani,0.85
102016,Kos_GRE_027,Afghan,0.06
102016,Lagkadikia_GRE_029 ,Syrian,0.93
102016,Lagkadikia_GRE_029 ,Yemeni,0
102016,Lagkadikia_GRE_029 ,Iraqi,0.07
102016,Lagkadikia_GRE_029 ,Congolese,0
102016,Lagkadikia_GRE_029 ,Eritrean,0
102016,Lagkadikia_GRE_029 ,Iranian,0
102016,Lagkadikia_GRE_029 ,Pakistani,0
102016,Lagkadikia_GRE_029 ,Palestinian,0
102016,Lagkadikia_GRE_029 ,Afghan,0
102016,Lagkadikia_GRE_029 ,Stateless,0
102016,Lagkadikia_GRE_029 ,Somali,0
102016,Lagkadikia_GRE_029 ,Kuwaiti,0
102016,Lagkadikia_GRE_029 ,Moroccan,0
102016,Lagkadikia_GRE_029 ,Egyptian,0
102016,Lagkadikia_GRE_029 ,Algerian,0
102016,Lavrio-New_GRE_030 ,Syrian,0.96
102016,Lavrio-New_GRE_030 ,Yemeni,0
102016,Lavrio-New_GRE_030 ,Iraqi,0
102016,Lavrio-New_GRE_030 ,Congolese,0
102016,Lavrio-New_GRE_030 ,Eritrean,0
102016,Lavrio-New_GRE_030 ,Iranian,0
102016,Lavrio-New_GRE_030 ,Pakistani,0.01
102016,Lavrio-New_GRE_030 ,Palestinian,0
102016,Lavrio-New_GRE_030 ,Afghan,0.03
102016,Lavrio-New_GRE_030 ,Stateless,0
102016,Lavrio-New_GRE_030 ,Somali,0
102016,Lavrio-New_GRE_030 ,Kuwaiti,0
102016,Lavrio-New_GRE_030 ,Moroccan,0
102016,Lavrio-New_GRE_030 ,Egyptian,0
102016,Lavrio-New_GRE_030 ,Algerian,0
102016,Leros-Lepida_GRE_032,Syrian,0.36
102016,Leros-Lepida_GRE_032,Iraqi,0.25
102016,XXMalakasa-MC_GRE_012,Afghan,0.98
102016,Moria_GRE_001,Iraqi,0.14
102016,Moria_GRE_001,Afghan,0.27
102016,Nea-Kavala_GRE_034,Syrian,0.8
102016,Nea-Kavala_GRE_034,Yemeni,0
102016,Nea-Kavala_GRE_034,Iraqi,0.2
102016,Nea-Kavala_GRE_034,Congolese,0
102016,Nea-Kavala_GRE_034,Eritrean,0
102016,Nea-Kavala_GRE_034,Iranian,0
102016,Nea-Kavala_GRE_034,Pakistani,0
102016,Nea-Kavala_GRE_034,Palestinian,0
102016,Nea-Kavala_GRE_034,Afghan,0
102016,Nea-Kavala_GRE_034,Stateless,0
102016,Nea-Kavala_GRE_034,Somali,0
102016,Nea-Kavala_GRE_034,Kuwaiti,0
102016,Nea-Kavala_GRE_034,Moroccan,0
102016,Nea-Kavala_GRE_034,Egyptian,0
102016,Nea-Kavala_GRE_034,Algerian,0
102016,XXOlympic-Stadium_GRE_035,Syrian,0
102016,XXOlympic-Stadium_GRE_035,Yemeni,0
102016,XXOlympic-Stadium_GRE_035,Iraqi,0
102016,XXOlympic-Stadium_GRE_035,Congolese,0
102016,XXOlympic-Stadium_GRE_035,Eritrean,0
102016,XXOlympic-Stadium_GRE_035,Iranian,0
102016,XXOlympic-Stadium_GRE_035,Pakistani,0
102016,XXOlympic-Stadium_GRE_035,Palestinian,0
102016,XXOlympic-Stadium_GRE_035,Afghan,0.99
102016,XXOlympic-Stadium_GRE_035,Stateless,0
102016,XXOlympic-Stadium_GRE_035,Somali,0
102016,XXOlympic-Stadium_GRE_035,Kuwaiti,0
102016,XXOlympic-Stadium_GRE_035,Moroccan,0
102016,XXOlympic-Stadium_GRE_035,Egyptian,0
102016,XXOlympic-Stadium_GRE_035,Algerian,0
102016,Rafina_GRE_039,Syrian,0.52
102016,Rafina_GRE_039,Yemeni,0
102016,Rafina_GRE_039,Iraqi,0
102016,Rafina_GRE_039,Congolese,0
102016,Rafina_GRE_039,Eritrean,0
102016,Rafina_GRE_039,Iranian,0
102016,Rafina_GRE_039,Pakistani,0
102016,Rafina_GRE_039,Palestinian,0
102016,Rafina_GRE_039,Afghan,0.48
102016,Rafina_GRE_039,Stateless,0
102016,Rafina_GRE_039,Somali,0
102016,Rafina_GRE_039,Kuwaiti,0
102016,Rafina_GRE_039,Moroccan,0
102016,Rafina_GRE_039,Egyptian,0
102016,Rafina_GRE_039,Algerian,0
102016,Ritsona_GRE_040,Syrian,0.85
102016,Ritsona_GRE_040,Yemeni,0
102016,Ritsona_GRE_040,Iraqi,0.05
102016,Ritsona_GRE_040,Congolese,0
102016,Ritsona_GRE_040,Eritrean,0
102016,Ritsona_GRE_040,Iranian,0
102016,Ritsona_GRE_040,Pakistani,0
102016,Ritsona_GRE_040,Palestinian,0
102016,Ritsona_GRE_040,Afghan,0.1
102016,Ritsona_GRE_040,Stateless,0
102016,Ritsona_GRE_040,Somali,0
102016,Ritsona_GRE_040,Kuwaiti,0
102016,Ritsona_GRE_040,Moroccan,0
102016,Ritsona_GRE_040,Egyptian,0
102016,Ritsona_GRE_040,Algerian,0
102016,Serres_GRE_042,Syrian,0.02
102016,Serres_GRE_042,Yemeni,0
102016,Serres_GRE_042,Iraqi,0.98
102016,Serres_GRE_042,Congolese,0
102016,Serres_GRE_042,Eritrean,0
102016,Serres_GRE_042,Iranian,0
102016,Serres_GRE_042,Pakistani,0
102016,Serres_GRE_042,Palestinian,0
102016,Serres_GRE_042,Afghan,0
102016,Serres_GRE_042,Stateless,0
102016,Serres_GRE_042,Somali,0
102016,Serres_GRE_042,Kuwaiti,0
102016,Serres_GRE_042,Moroccan,0
102016,Serres_GRE_042,Egyptian,0
102016,Serres_GRE_042,Algerian,0
102016,XXSindos-Frakapore_GRE_043,Syrian,0.95
102016,XXSindos-Frakapore_GRE_043,Yemeni,0
102016,XXSindos-Frakapore_GRE_043,Iraqi,0.05
102016,XXSindos-Frakapore_GRE_043,Congolese,0
102016,XXSindos-Frakapore_GRE_043,Eritrean,0
102016,XXSindos-Frakapore_GRE_043,Iranian,0
102016,XXSindos-Frakapore_GRE_043,Pakistani,0
102016,XXSindos-Frakapore_GRE_043,Palestinian,0
102016,XXSindos-Frakapore_GRE_043,Afghan,0
102016,XXSindos-Frakapore_GRE_043,Stateless,0
102016,XXSindos-Frakapore_GRE_043,Somali,0
102016,XXSindos-Frakapore_GRE_043,Kuwaiti,0
102016,XXSindos-Frakapore_GRE_043,Moroccan,0
102016,XXSindos-Frakapore_GRE_043,Egyptian,0
102016,XXSindos-Frakapore_GRE_043,Algerian,0
102016,Skaramangas_GRE_014,Syrian,0.65
102016,Skaramangas_GRE_014,Yemeni,0
102016,Skaramangas_GRE_014,Iraqi,0.25
102016,Skaramangas_GRE_014,Congolese,0
102016,Skaramangas_GRE_014,Eritrean,0
102016,Skaramangas_GRE_014,Iranian,0
102016,Skaramangas_GRE_014,Pakistani,0
102016,Skaramangas_GRE_014,Palestinian,0
102016,Skaramangas_GRE_014,Afghan,0.1
102016,Skaramangas_GRE_014,Stateless,0
102016,Skaramangas_GRE_014,Somali,0
102016,Skaramangas_GRE_014,Kuwaiti,0
102016,Skaramangas_GRE_014,Moroccan,0
102016,Skaramangas_GRE_014,Egyptian,0
102016,Skaramangas_GRE_014,Algerian,0
102016,XXSoftex_GRE_045,Syrian,0.9
102016,XXSoftex_GRE_045,Iraqi,0.02
102016,XXSouda-Samns-Purse_GRE_046,Syrian,0.65
102016,XXSouda-Samns-Purse_GRE_046,Iraqi,0.1
102016,XXTrikala_GRE_048,Syrian,0.98
102016,XXTrikala_GRE_048,Yemeni,0
102016,XXTrikala_GRE_048,Iraqi,0.02
102016,XXTrikala_GRE_048,Congolese,0
102016,XXTrikala_GRE_048,Eritrean,0
102016,XXTrikala_GRE_048,Iranian,0
102016,XXTrikala_GRE_048,Pakistani,0
102016,XXTrikala_GRE_048,Palestinian,0
102016,XXTrikala_GRE_048,Afghan,0
102016,XXTrikala_GRE_048,Stateless,0
102016,XXTrikala_GRE_048,Somali,0
102016,XXTrikala_GRE_048,Kuwaiti,0
102016,XXTrikala_GRE_048,Moroccan,0
102016,XXTrikala_GRE_048,Egyptian,0
102016,XXTrikala_GRE_048,Algerian,0
102016,Vathi-Samos_GRE_053,Syrian,0.38
102016,Vathi-Samos_GRE_053,Afghan,0.15
102016,Veria_GRE_054,Syrian,0.92
102016,Veria_GRE_054,Yemeni,0
102016,Veria_GRE_054,Iraqi,0.07
102016,Veria_GRE_054,Congolese,0
102016,Veria_GRE_054,Eritrean,0
102016,Veria_GRE_054,Iranian,0
102016,Veria_GRE_054,Pakistani,0
102016,Veria_GRE_054,Palestinian,0
102016,Veria_GRE_054,Afghan,0
102016,Veria_GRE_054,Stateless,0
102016,Veria_GRE_054,Somali,0
102016,Veria_GRE_054,Kuwaiti,0
102016,Veria_GRE_054,Moroccan,0
102016,Veria_GRE_054,Egyptian,0
102016,Veria_GRE_054,Algerian,0
102016,XXVial-Chios-NRC_GRE_066,Syrian,0.3
102016,XXVial-Chios-NRC_GRE_066,Afghan,0.4
32018,Alexandria-Ref_GRE_003,Syrian,0.44
32018,Alexandria-Ref_GRE_003,Iraqi,0.27
32018,Alexandria-Ref_GRE_003,Pakistani,0.07
32018,Alexandria-Ref_GRE_003,Palestinian,0.04
32018,Andravida_GRE_004,Syrian,0.94
32018,Andravida_GRE_004,Yemeni,0
32018,Andravida_GRE_004,Iraqi,0.06
32018,Andravida_GRE_004,Congolese,0
32018,Andravida_GRE_004,Eritrean,0
32018,Andravida_GRE_004,Iranian,0
32018,Andravida_GRE_004,Pakistani,0
32018,Andravida_GRE_004,Palestinian,0
32018,Andravida_GRE_004,Afghan,0
32018,Andravida_GRE_004,Stateless,0
32018,Andravida_GRE_004,Somali,0
32018,Andravida_GRE_004,Kuwaiti,0
32018,Andravida_GRE_004,Moroccan,0
32018,Andravida_GRE_004,Egyptian,0
32018,Andravida_GRE_004,Algerian,0
32018,Diavata_GRE_008,Syrian,0.39
32018,Diavata_GRE_008,Yemeni,0
32018,Diavata_GRE_008,Iraqi,0.26
32018,Diavata_GRE_008,Congolese,0
32018,Diavata_GRE_008,Eritrean,0
32018,Diavata_GRE_008,Iranian,0.05
32018,Diavata_GRE_008,Pakistani,0.04
32018,Diavata_GRE_008,Palestinian,0
32018,Diavata_GRE_008,Afghan,0.27
32018,Diavata_GRE_008,Stateless,0
32018,Diavata_GRE_008,Somali,0
32018,Diavata_GRE_008,Kuwaiti,0
32018,Diavata_GRE_008,Moroccan,0
32018,Diavata_GRE_008,Egyptian,0
32018,Diavata_GRE_008,Algerian,0
32018,XXDoliana_GRE_007,Syrian,0.7
32018,XXDoliana_GRE_007,Yemeni,0.05
32018,XXDoliana_GRE_007,Iraqi,0.16
32018,XXDoliana_GRE_007,Congolese,0
32018,XXDoliana_GRE_007,Eritrean,0
32018,XXDoliana_GRE_007,Iranian,0
32018,XXDoliana_GRE_007,Pakistani,0
32018,XXDoliana_GRE_007,Palestinian,0.01
32018,XXDoliana_GRE_007,Afghan,0
32018,XXDoliana_GRE_007,Stateless,0.08
32018,XXDoliana_GRE_007,Somali,0
32018,XXDoliana_GRE_007,Kuwaiti,0
32018,XXDoliana_GRE_007,Moroccan,0
32018,XXDoliana_GRE_007,Egyptian,0
32018,XXDoliana_GRE_007,Algerian,0
32018,Drama_GRE_011,Syrian,0.48
32018,Drama_GRE_011,Iraqi,0.38
32018,Drama_GRE_011,Afghan,0.04
32018,Drama_GRE_011,Stateless,0.07
32018,Eleonas_GRE_013 ,Syrian,0.27
32018,Eleonas_GRE_013 ,Iranian,0.08
32018,Eleonas_GRE_013 ,Pakistani,0.06
32018,Eleonas_GRE_013 ,Afghan,0.4
32018,XXFilipiada_GRE_019,Syrian,0.38
32018,XXFilipiada_GRE_019,Yemeni,0
32018,XXFilipiada_GRE_019,Iraqi,0.26
32018,XXFilipiada_GRE_019,Congolese,0
32018,XXFilipiada_GRE_019,Eritrean,0
32018,XXFilipiada_GRE_019,Iranian,0.04
32018,XXFilipiada_GRE_019,Pakistani,0.05
32018,XXFilipiada_GRE_019,Palestinian,0
32018,XXFilipiada_GRE_019,Afghan,0.27
32018,XXFilipiada_GRE_019,Stateless,0
32018,XXFilipiada_GRE_019,Somali,0
32018,XXFilipiada_GRE_019,Kuwaiti,0
32018,XXFilipiada_GRE_019,Moroccan,0
32018,XXFilipiada_GRE_019,Egyptian,0
32018,XXFilipiada_GRE_019,Algerian,0
32018,Kato-Milia_GRE_061,Syrian,0.64
32018,Kato-Milia_GRE_061,Iraqi,0.13
32018,Kato-Milia_GRE_061,Palestinian,0.06
32018,Kato-Milia_GRE_061,Afghan,0.12
32018,Kavala_GRE_024 ,Syrian,0.32
32018,Kavala_GRE_024 ,Iraqi,0.23
32018,Kavala_GRE_024 ,Iranian,0.04
32018,Kavala_GRE_024 ,Pakistani,0.06
32018,Kavala_GRE_024 ,Afghan,0.21
32018,XXKonitsa_GRE_026,Syrian,1
32018,XXKonitsa_GRE_026,Yemeni,0
32018,XXKonitsa_GRE_026,Iraqi,0
32018,XXKonitsa_GRE_026,Congolese,0
32018,XXKonitsa_GRE_026,Eritrean,0
32018,XXKonitsa_GRE_026,Iranian,0
32018,XXKonitsa_GRE_026,Pakistani,0
32018,XXKonitsa_GRE_026,Palestinian,0
32018,XXKonitsa_GRE_026,Afghan,0
32018,XXKonitsa_GRE_026,Stateless,0
32018,XXKonitsa_GRE_026,Somali,0
32018,XXKonitsa_GRE_026,Kuwaiti,0
32018,XXKonitsa_GRE_026,Moroccan,0
32018,XXKonitsa_GRE_026,Egyptian,0
32018,XXKonitsa_GRE_026,Algerian,0
32018,Koutsochero_GRE_028 ,Syrian,0.5
32018,Koutsochero_GRE_028 ,Iraqi,0.23
32018,Koutsochero_GRE_028 ,Congolese,0.07
32018,Koutsochero_GRE_028 ,Afghan,0.06
32018,Lagkadikia_GRE_029 ,Syrian,0.58
32018,Lagkadikia_GRE_029 ,Iraqi,0.31
32018,Lagkadikia_GRE_029 ,Iranian,0.02
32018,Lagkadikia_GRE_029 ,Pakistani,0.03
32018,Lavrio-New_GRE_030 ,Syrian,0.47
32018,Lavrio-New_GRE_030 ,Iraqi,0.13
32018,Lavrio-New_GRE_030 ,Iranian,0.04
32018,Lavrio-New_GRE_030 ,Afghan,0.13
32018,Leros-Lepida_GRE_032,Syrian,0.03
32018,Leros-Lepida_GRE_032,Yemeni,0
32018,Leros-Lepida_GRE_032,Iraqi,0.26
32018,Leros-Lepida_GRE_032,Congolese,0
32018,Leros-Lepida_GRE_032,Eritrean,0
32018,Leros-Lepida_GRE_032,Iranian,0.08
32018,Leros-Lepida_GRE_032,Pakistani,0.01
32018,Leros-Lepida_GRE_032,Palestinian,0
32018,Leros-Lepida_GRE_032,Afghan,0.62
32018,Leros-Lepida_GRE_032,Stateless,0
32018,Leros-Lepida_GRE_032,Somali,0
32018,Leros-Lepida_GRE_032,Kuwaiti,0
32018,Leros-Lepida_GRE_032,Moroccan,0
32018,Leros-Lepida_GRE_032,Egyptian,0
32018,Leros-Lepida_GRE_032,Algerian,0
32018,XXMalakasa-MC_GRE_012,Syrian,0.03
32018,XXMalakasa-MC_GRE_012,Yemeni,0
32018,XXMalakasa-MC_GRE_012,Iraqi,0.26
32018,XXMalakasa-MC_GRE_012,Congolese,0
32018,XXMalakasa-MC_GRE_012,Eritrean,0
32018,XXMalakasa-MC_GRE_012,Iranian,0.08
32018,XXMalakasa-MC_GRE_012,Pakistani,0.01
32018,XXMalakasa-MC_GRE_012,Palestinian,0
32018,XXMalakasa-MC_GRE_012,Afghan,0.62
32018,XXMalakasa-MC_GRE_012,Stateless,0
32018,XXMalakasa-MC_GRE_012,Somali,0
32018,XXMalakasa-MC_GRE_012,Kuwaiti,0
32018,XXMalakasa-MC_GRE_012,Moroccan,0
32018,XXMalakasa-MC_GRE_012,Egyptian,0
32018,XXMalakasa-MC_GRE_012,Algerian,0
32018,Moria_GRE_001,Syrian,0.33
32018,Moria_GRE_001,Iraqi,0.16
32018,Moria_GRE_001,Congolese,0.06
32018,Moria_GRE_001,Afghan,0.19
32018,Nea-Kavala_GRE_034,Syrian,0.27
32018,Nea-Kavala_GRE_034,Iraqi,0.14
32018,Nea-Kavala_GRE_034,Congolese,0.09
32018,Nea-Kavala_GRE_034,Eritrean,0.1
32018,Ritsona_GRE_040,Syrian,0.74
32018,Ritsona_GRE_040,Iraqi,0.12
32018,Ritsona_GRE_040,Palestinian,0.02
32018,Ritsona_GRE_040,Somali,0.01
32018,Serres_GRE_042,Syrian,0.01
32018,Serres_GRE_042,Yemeni,0
32018,Serres_GRE_042,Iraqi,0.99
32018,Serres_GRE_042,Congolese,0
32018,Serres_GRE_042,Eritrean,0
32018,Serres_GRE_042,Iranian,0
32018,Serres_GRE_042,Pakistani,0
32018,Serres_GRE_042,Palestinian,0
32018,Serres_GRE_042,Afghan,0
32018,Serres_GRE_042,Stateless,0
32018,Serres_GRE_042,Somali,0
32018,Serres_GRE_042,Kuwaiti,0
32018,Serres_GRE_042,Moroccan,0
32018,Serres_GRE_042,Egyptian,0
32018,Serres_GRE_042,Algerian,0
32018,Skaramangas_GRE_014,Syrian,0.56
32018,Skaramangas_GRE_014,Yemeni,0
32018,Skaramangas_GRE_014,Iraqi,0.33
32018,Skaramangas_GRE_014,Congolese,0
32018,Skaramangas_GRE_014,Eritrean,0
32018,Skaramangas_GRE_014,Iranian,0.01
32018,Skaramangas_GRE_014,Pakistani,0
32018,Skaramangas_GRE_014,Palestinian,0
32018,Skaramangas_GRE_014,Afghan,0.09
32018,Skaramangas_GRE_014,Stateless,0
32018,Skaramangas_GRE_014,Somali,0
32018,Skaramangas_GRE_014,Kuwaiti,0
32018,Skaramangas_GRE_014,Moroccan,0
32018,Skaramangas_GRE_014,Egyptian,0
32018,Skaramangas_GRE_014,Algerian,0
32018,Vathi-Samos_GRE_053,Syrian,0.27
32018,Vathi-Samos_GRE_053,Iraqi,0.3
32018,Vathi-Samos_GRE_053,Congolese,0.06
32018,Vathi-Samos_GRE_053,Afghan,0.11
32018,Veria_GRE_054,Syrian,0.81
32018,Veria_GRE_054,Yemeni,0
32018,Veria_GRE_054,Iraqi,0.09
32018,Veria_GRE_054,Congolese,0
32018,Veria_GRE_054,Eritrean,0
32018,Veria_GRE_054,Iranian,0
32018,Veria_GRE_054,Pakistani,0
32018,Veria_GRE_054,Palestinian,0.07
32018,Veria_GRE_054,Afghan,0
32018,Veria_GRE_054,Stateless,0
32018,Veria_GRE_054,Somali,0
32018,Veria_GRE_054,Kuwaiti,0.03
32018,Veria_GRE_054,Moroccan,0
32018,Veria_GRE_054,Egyptian,0
32018,Veria_GRE_054,Algerian,0
32018,XXVial-Chios-NRC_GRE_066,Syrian,0.27
32018,XXVial-Chios-NRC_GRE_066,Iraqi,0.3
32018,XXVial-Chios-NRC_GRE_066,Palestinian,0.03
32018,XXVial-Chios-NRC_GRE_066,Afghan,0.13
72018,Alexandria-Ref_GRE_003,Syrian,0.4
72018,Alexandria-Ref_GRE_003,Iraqi,0.28
72018,Alexandria-Ref_GRE_003,Pakistani,0.1
72018,Alexandria-Ref_GRE_003,Palestinian,0.02
72018,Andravida_GRE_004,Syrian,0.98
72018,Andravida_GRE_004,Yemeni,0
72018,Andravida_GRE_004,Iraqi,0.02
72018,Andravida_GRE_004,Congolese,0
72018,Andravida_GRE_004,Eritrean,0
72018,Andravida_GRE_004,Iranian,0
72018,Andravida_GRE_004,Pakistani,0
72018,Andravida_GRE_004,Palestinian,0
72018,Andravida_GRE_004,Afghan,0
72018,Andravida_GRE_004,Stateless,0
72018,Andravida_GRE_004,Somali,0
72018,Andravida_GRE_004,Kuwaiti,0
72018,Andravida_GRE_004,Moroccan,0
72018,Andravida_GRE_004,Egyptian,0
72018,Andravida_GRE_004,Algerian,0
72018,Diavata_GRE_008,Syrian,0.6
72018,Diavata_GRE_008,Iranian,0.15
72018,Diavata_GRE_008,Afghan,0.2
72018,XXDoliana_GRE_007,Syrian,0.53
72018,XXDoliana_GRE_007,Yemeni,0
72018,XXDoliana_GRE_007,Iraqi,0.42
72018,XXDoliana_GRE_007,Congolese,0
72018,XXDoliana_GRE_007,Eritrean,0
72018,XXDoliana_GRE_007,Iranian,0
72018,XXDoliana_GRE_007,Pakistani,0
72018,XXDoliana_GRE_007,Palestinian,0
72018,XXDoliana_GRE_007,Afghan,0
72018,XXDoliana_GRE_007,Stateless,0
72018,XXDoliana_GRE_007,Somali,0
72018,XXDoliana_GRE_007,Kuwaiti,0.05
72018,XXDoliana_GRE_007,Moroccan,0
72018,XXDoliana_GRE_007,Egyptian,0
72018,XXDoliana_GRE_007,Algerian,0
72018,Drama_GRE_011,Syrian,0.48
72018,Drama_GRE_011,Yemeni,0
72018,Drama_GRE_011,Iraqi,0.47
72018,Drama_GRE_011,Congolese,0
72018,Drama_GRE_011,Eritrean,0
72018,Drama_GRE_011,Iranian,0
72018,Drama_GRE_011,Pakistani,0
72018,Drama_GRE_011,Palestinian,0
72018,Drama_GRE_011,Afghan,0
72018,Drama_GRE_011,Stateless,0.04
72018,Drama_GRE_011,Somali,0
72018,Drama_GRE_011,Kuwaiti,0
72018,Drama_GRE_011,Moroccan,0
72018,Drama_GRE_011,Egyptian,0
72018,Drama_GRE_011,Algerian,0
72018,Eleonas_GRE_013 ,Syrian,0.27
72018,Eleonas_GRE_013 ,Iranian,0.08
72018,Eleonas_GRE_013 ,Pakistani,0.06
72018,Eleonas_GRE_013 ,Afghan,0.4
72018,XXFilipiada_GRE_019,Syrian,0.22
72018,XXFilipiada_GRE_019,Iraqi,0.37
72018,XXFilipiada_GRE_019,Iranian,0.05
72018,XXFilipiada_GRE_019,Afghan,0.34
72018,Kato-Milia_GRE_061,Syrian,0.62
72018,Kato-Milia_GRE_061,Iraqi,0.2
72018,Kato-Milia_GRE_061,Palestinian,0.05
72018,Kato-Milia_GRE_061,Afghan,0.07
72018,Kavala_GRE_024,Syrian,0.44
72018,Kavala_GRE_024,Iraqi,0.31
72018,Kavala_GRE_024,Congolese,0.08
72018,Kavala_GRE_024,Afghan,0.05
72018,XXKonitsa_GRE_026,Syrian,1
72018,XXKonitsa_GRE_026,Yemeni,0
72018,XXKonitsa_GRE_026,Iraqi,0
72018,XXKonitsa_GRE_026,Congolese,0
72018,XXKonitsa_GRE_026,Eritrean,0
72018,XXKonitsa_GRE_026,Iranian,0
72018,XXKonitsa_GRE_026,Pakistani,0
72018,XXKonitsa_GRE_026,Palestinian,0
72018,XXKonitsa_GRE_026,Afghan,0
72018,XXKonitsa_GRE_026,Stateless,0
72018,XXKonitsa_GRE_026,Somali,0
72018,XXKonitsa_GRE_026,Kuwaiti,0
72018,XXKonitsa_GRE_026,Moroccan,0
72018,XXKonitsa_GRE_026,Egyptian,0
72018,XXKonitsa_GRE_026,Algerian,0
72018,Kos_GRE_027,Syrian,0.19
72018,Kos_GRE_027,Iraqi,0.54
72018,Kos_GRE_027,Palestinian,0.06
72018,Kos_GRE_027,Stateless,0.06
72018,Koutsochero_GRE_028 ,Syrian,0.51
72018,Koutsochero_GRE_028 ,Iraqi,0.23
72018,Koutsochero_GRE_028 ,Congolese,0.03
72018,Koutsochero_GRE_028 ,Afghan,0.07
72018,Lagkadikia_GRE_029,Syrian,0.51
72018,Lagkadikia_GRE_029,Iraqi,0.37
72018,Lagkadikia_GRE_029,Iranian,0.05
72018,Lagkadikia_GRE_029,Pakistani,0.03
72018,Lavrio-New_GRE_030 ,Syrian,0.52
72018,Lavrio-New_GRE_030 ,Iraqi,0.11
72018,Lavrio-New_GRE_030 ,Congolese,0.07
72018,Lavrio-New_GRE_030 ,Afghan,0.12
72018,Leros-Lepida_GRE_032,Syrian,0.48
72018,Leros-Lepida_GRE_032,Iraqi,0.29
72018,Leros-Lepida_GRE_032,Iranian,0.03
72018,Leros-Lepida_GRE_032,Afghan,0.07
72018,XXMalakasa-MC_GRE_012,Syrian,0.2
72018,XXMalakasa-MC_GRE_012,Yemeni,0
72018,XXMalakasa-MC_GRE_012,Iraqi,0.16
72018,XXMalakasa-MC_GRE_012,Congolese,0
72018,XXMalakasa-MC_GRE_012,Eritrean,0
72018,XXMalakasa-MC_GRE_012,Iranian,0.07
72018,XXMalakasa-MC_GRE_012,Pakistani,0.01
72018,XXMalakasa-MC_GRE_012,Palestinian,0
72018,XXMalakasa-MC_GRE_012,Afghan,0.56
72018,XXMalakasa-MC_GRE_012,Stateless,0
72018,XXMalakasa-MC_GRE_012,Somali,0
72018,XXMalakasa-MC_GRE_012,Kuwaiti,0
72018,XXMalakasa-MC_GRE_012,Moroccan,0
72018,XXMalakasa-MC_GRE_012,Egyptian,0
72018,XXMalakasa-MC_GRE_012,Algerian,0
72018,Moria_GRE_001,Syrian,0.33
72018,Moria_GRE_001,Iraqi,0.14
72018,Moria_GRE_001,Congolese,0.08
72018,Moria_GRE_001,Afghan,0.2
72018,Nea-Kavala_GRE_034,Syrian,0.44
72018,Nea-Kavala_GRE_034,Iraqi,0.31
72018,Nea-Kavala_GRE_034,Congolese,0.08
72018,Nea-Kavala_GRE_034,Afghan,0.05
72018,XXPikpa-Leros_GRE_038,Syrian,0.7
72018,XXPikpa-Leros_GRE_038,Iraqi,0.25
72018,Ritsona_GRE_040,Syrian,0.74
72018,Ritsona_GRE_040,Yemeni,0
72018,Ritsona_GRE_040,Iraqi,0.18
72018,Ritsona_GRE_040,Congolese,0.03
72018,Ritsona_GRE_040,Eritrean,0
72018,Ritsona_GRE_040,Iranian,0
72018,Ritsona_GRE_040,Pakistani,0
72018,Ritsona_GRE_040,Palestinian,0.03
72018,Ritsona_GRE_040,Afghan,0
72018,Ritsona_GRE_040,Stateless,0
72018,Ritsona_GRE_040,Somali,0.03
72018,Ritsona_GRE_040,Kuwaiti,0
72018,Ritsona_GRE_040,Moroccan,0
72018,Ritsona_GRE_040,Egyptian,0
72018,Ritsona_GRE_040,Algerian,0
72018,Serres_GRE_042,Syrian,0.01
72018,Serres_GRE_042,Yemeni,0
72018,Serres_GRE_042,Iraqi,0.99
72018,Serres_GRE_042,Congolese,0
72018,Serres_GRE_042,Eritrean,0
72018,Serres_GRE_042,Iranian,0
72018,Serres_GRE_042,Pakistani,0
72018,Serres_GRE_042,Palestinian,0
72018,Serres_GRE_042,Afghan,0
72018,Serres_GRE_042,Stateless,0
72018,Serres_GRE_042,Somali,0
72018,Serres_GRE_042,Kuwaiti,0
72018,Serres_GRE_042,Moroccan,0
72018,Serres_GRE_042,Egyptian,0
72018,Serres_GRE_042,Algerian,0
72018,Skaramangas_GRE_014,Syrian,0.56
72018,Skaramangas_GRE_014,Yemeni,0
72018,Skaramangas_GRE_014,Iraqi,0.33
72018,Skaramangas_GRE_014,Congolese,0
72018,Skaramangas_GRE_014,Eritrean,0
72018,Skaramangas_GRE_014,Iranian,0.01
72018,Skaramangas_GRE_014,Pakistani,0
72018,Skaramangas_GRE_014,Palestinian,0
72018,Skaramangas_GRE_014,Afghan,0.09
72018,Skaramangas_GRE_014,Stateless,0
72018,Skaramangas_GRE_014,Somali,0
72018,Skaramangas_GRE_014,Kuwaiti,0
72018,Skaramangas_GRE_014,Moroccan,0
72018,Skaramangas_GRE_014,Egyptian,0
72018,Skaramangas_GRE_014,Algerian,0
72018,Vathi-Samos_GRE_053,Syrian,0.33
72018,Vathi-Samos_GRE_053,Iraqi,0.22
72018,Vathi-Samos_GRE_053,Congolese,0.09
72018,Veria_GRE_054,Syrian,0.68
72018,Veria_GRE_054,Iraqi,0.24
72018,Veria_GRE_054,Palestinian,0.03
72018,Veria_GRE_054,Stateless,0.03
72018,XXVial-Chios-NRC_GRE_066,Syrian,0.31
72018,XXVial-Chios-NRC_GRE_066,Iraqi,0.3
72018,XXVial-Chios-NRC_GRE_066,Palestinian,0.07
72018,XXVial-Chios-NRC_GRE_066,Afghan,0.1
72018,Volos_GRE_055,Syrian,0.56
72018,Volos_GRE_055,Iraqi,0.37
72018,Volos_GRE_055,Stateless,0.05
42018,XXVial-Chios-NRC_GRE_066,Syrian,0.27
42018,XXVial-Chios-NRC_GRE_066,Iraqi,0.3
42018,XXVial-Chios-NRC_GRE_066,Palestinian,0.03
42018,XXVial-Chios-NRC_GRE_066,Afghan,0.13
42018,Alexandria-Ref_GRE_003,Syrian,0.41
42018,Alexandria-Ref_GRE_003,Iraqi,0.25
42018,Alexandria-Ref_GRE_003,Pakistani,0.04
42018,Alexandria-Ref_GRE_003,Palestinian,0.02
42018,Andravida_GRE_004,Syrian,0.94
42018,Andravida_GRE_004,Yemeni,0
42018,Andravida_GRE_004,Iraqi,0.06
42018,Andravida_GRE_004,Congolese,0
42018,Andravida_GRE_004,Eritrean,0
42018,Andravida_GRE_004,Iranian,0
42018,Andravida_GRE_004,Pakistani,0
42018,Andravida_GRE_004,Palestinian,0
42018,Andravida_GRE_004,Afghan,0
42018,Andravida_GRE_004,Stateless,0
42018,Andravida_GRE_004,Somali,0
42018,Andravida_GRE_004,Kuwaiti,0
42018,Andravida_GRE_004,Moroccan,0
42018,Andravida_GRE_004,Egyptian,0
42018,Andravida_GRE_004,Algerian,0
42018,Diavata_GRE_008,Syrian,0.39
42018,Diavata_GRE_008,Yemeni,0
42018,Diavata_GRE_008,Iraqi,0.26
42018,Diavata_GRE_008,Congolese,0
42018,Diavata_GRE_008,Eritrean,0
42018,Diavata_GRE_008,Iranian,0.05
42018,Diavata_GRE_008,Pakistani,0.04
42018,Diavata_GRE_008,Palestinian,0
42018,Diavata_GRE_008,Afghan,0.27
42018,Diavata_GRE_008,Stateless,0
42018,Diavata_GRE_008,Somali,0
42018,Diavata_GRE_008,Kuwaiti,0
42018,Diavata_GRE_008,Moroccan,0
42018,Diavata_GRE_008,Egyptian,0
42018,Diavata_GRE_008,Algerian,0
42018,XXDoliana_GRE_007,Syrian,0.7
42018,XXDoliana_GRE_007,Yemeni,0.05
42018,XXDoliana_GRE_007,Iraqi,0.16
42018,XXDoliana_GRE_007,Congolese,0
42018,XXDoliana_GRE_007,Eritrean,0
42018,XXDoliana_GRE_007,Iranian,0
42018,XXDoliana_GRE_007,Pakistani,0
42018,XXDoliana_GRE_007,Palestinian,0.01
42018,XXDoliana_GRE_007,Afghan,0
42018,XXDoliana_GRE_007,Stateless,0.08
42018,XXDoliana_GRE_007,Somali,0
42018,XXDoliana_GRE_007,Kuwaiti,0
42018,XXDoliana_GRE_007,Moroccan,0
42018,XXDoliana_GRE_007,Egyptian,0
42018,XXDoliana_GRE_007,Algerian,0
42018,Drama_GRE_011,Syrian,0.47
42018,Drama_GRE_011,Yemeni,0
42018,Drama_GRE_011,Iraqi,0.43
42018,Drama_GRE_011,Congolese,0
42018,Drama_GRE_011,Eritrean,0
42018,Drama_GRE_011,Iranian,0
42018,Drama_GRE_011,Pakistani,0
42018,Drama_GRE_011,Palestinian,0
42018,Drama_GRE_011,Afghan,0.04
42018,Drama_GRE_011,Stateless,0.06
42018,Drama_GRE_011,Somali,0
42018,Drama_GRE_011,Kuwaiti,0
42018,Drama_GRE_011,Moroccan,0
42018,Drama_GRE_011,Egyptian,0
42018,Drama_GRE_011,Algerian,0
42018,Eleonas_GRE_013 ,Syrian,0.27
42018,Eleonas_GRE_013 ,Iranian,0.08
42018,Eleonas_GRE_013 ,Pakistani,0.06
42018,Eleonas_GRE_013 ,Afghan,0.4
42018,XXFilipiada_GRE_019,Syrian,0.38
42018,XXFilipiada_GRE_019,Yemeni,0
42018,XXFilipiada_GRE_019,Iraqi,0.26
42018,XXFilipiada_GRE_019,Congolese,0
42018,XXFilipiada_GRE_019,Eritrean,0
42018,XXFilipiada_GRE_019,Iranian,0.04
42018,XXFilipiada_GRE_019,Pakistani,0.05
42018,XXFilipiada_GRE_019,Palestinian,0
42018,XXFilipiada_GRE_019,Afghan,0.27
42018,XXFilipiada_GRE_019,Stateless,0
42018,XXFilipiada_GRE_019,Somali,0
42018,XXFilipiada_GRE_019,Kuwaiti,0
42018,XXFilipiada_GRE_019,Moroccan,0
42018,XXFilipiada_GRE_019,Egyptian,0
42018,XXFilipiada_GRE_019,Algerian,0
42018,Kato-Milia_GRE_061,Syrian,0.58
42018,Kato-Milia_GRE_061,Iraqi,0.17
42018,Kato-Milia_GRE_061,Palestinian,0.05
42018,Kato-Milia_GRE_061,Afghan,0.11
42018,Kavala_GRE_024,Syrian,0.43
42018,Kavala_GRE_024,Yemeni,0
42018,Kavala_GRE_024,Iraqi,0.28
42018,Kavala_GRE_024,Congolese,0
42018,Kavala_GRE_024,Eritrean,0
42018,Kavala_GRE_024,Iranian,0
42018,Kavala_GRE_024,Pakistani,0.05
42018,Kavala_GRE_024,Palestinian,0
42018,Kavala_GRE_024,Afghan,0.19
42018,Kavala_GRE_024,Stateless,0.05
42018,Kavala_GRE_024,Somali,0
42018,Kavala_GRE_024,Kuwaiti,0
42018,Kavala_GRE_024,Moroccan,0
42018,Kavala_GRE_024,Egyptian,0
42018,Kavala_GRE_024,Algerian,0
42018,Kos_GRE_027,Syrian,0.17
42018,Kos_GRE_027,Iraqi,0.58
42018,Kos_GRE_027,Afghan,0.05
42018,Kos_GRE_027,Stateless,0.06
42018,XXKonitsa_GRE_026,Syrian,1
42018,XXKonitsa_GRE_026,Yemeni,0
42018,XXKonitsa_GRE_026,Iraqi,0
42018,XXKonitsa_GRE_026,Congolese,0
42018,XXKonitsa_GRE_026,Eritrean,0
42018,XXKonitsa_GRE_026,Iranian,0
42018,XXKonitsa_GRE_026,Pakistani,0
42018,XXKonitsa_GRE_026,Palestinian,0
42018,XXKonitsa_GRE_026,Afghan,0
42018,XXKonitsa_GRE_026,Stateless,0
42018,XXKonitsa_GRE_026,Somali,0
42018,XXKonitsa_GRE_026,Kuwaiti,0
42018,XXKonitsa_GRE_026,Moroccan,0
42018,XXKonitsa_GRE_026,Egyptian,0
42018,XXKonitsa_GRE_026,Algerian,0
42018,Koutsochero_GRE_028 ,Syrian,0.5
42018,Koutsochero_GRE_028 ,Iraqi,0.23
42018,Koutsochero_GRE_028 ,Congolese,0.07
42018,Koutsochero_GRE_028 ,Afghan,0.06
42018,Lagkadikia_GRE_029 ,Syrian,0.58
42018,Lagkadikia_GRE_029 ,Iraqi,0.32
42018,Lagkadikia_GRE_029 ,Iranian,0.02
42018,Lagkadikia_GRE_029 ,Pakistani,0.04
42018,Lavrio-New_GRE_030 ,Syrian,0.44
42018,Lavrio-New_GRE_030 ,Iraqi,0.13
42018,Lavrio-New_GRE_030 ,Congolese,0.06
42018,Lavrio-New_GRE_030 ,Afghan,0.13
42018,Leros-Lepida_GRE_032,Syrian,0.4
42018,Leros-Lepida_GRE_032,Iraqi,0.28
42018,Leros-Lepida_GRE_032,Afghan,0.12
42018,Leros-Lepida_GRE_032,Kuwaiti,0.02
42018,XXMalakasa-MC_GRE_012,Syrian,0.05
42018,XXMalakasa-MC_GRE_012,Yemeni,0
42018,XXMalakasa-MC_GRE_012,Iraqi,0.23
42018,XXMalakasa-MC_GRE_012,Congolese,0
42018,XXMalakasa-MC_GRE_012,Eritrean,0
42018,XXMalakasa-MC_GRE_012,Iranian,0.08
42018,XXMalakasa-MC_GRE_012,Pakistani,0
42018,XXMalakasa-MC_GRE_012,Palestinian,0
42018,XXMalakasa-MC_GRE_012,Afghan,0.64
42018,XXMalakasa-MC_GRE_012,Stateless,0
42018,XXMalakasa-MC_GRE_012,Somali,0
42018,XXMalakasa-MC_GRE_012,Kuwaiti,0
42018,XXMalakasa-MC_GRE_012,Moroccan,0
42018,XXMalakasa-MC_GRE_012,Egyptian,0
42018,XXMalakasa-MC_GRE_012,Algerian,0
42018,Moria_GRE_001,Syrian,0.33
42018,Moria_GRE_001,Iraqi,0.16
42018,Moria_GRE_001,Congolese,0.06
42018,Moria_GRE_001,Afghan,0.19
42018,Nea-Kavala_GRE_034,Syrian,0.3
42018,Nea-Kavala_GRE_034,Iraqi,0.19
42018,Nea-Kavala_GRE_034,Congolese,0.07
42018,Nea-Kavala_GRE_034,Eritrean,0.08
42018,XXPikpa-Leros_GRE_038,Syrian,0.43
42018,XXPikpa-Leros_GRE_038,Iraqi,0.54
42018,XXPikpa-Leros_GRE_038,Pakistani,0.01
42018,Ritsona_GRE_040,Syrian,0.7
42018,Ritsona_GRE_040,Iraqi,0.13
42018,Ritsona_GRE_040,Palestinian,0.02
42018,Ritsona_GRE_040,Somali,0.12
42018,Ritsona_GRE_040,Moroccan,0.01
42018,Serres_GRE_042,Syrian,0.01
42018,Serres_GRE_042,Yemeni,0
42018,Serres_GRE_042,Iraqi,0.99
42018,Serres_GRE_042,Congolese,0
42018,Serres_GRE_042,Eritrean,0
42018,Serres_GRE_042,Iranian,0
42018,Serres_GRE_042,Pakistani,0
42018,Serres_GRE_042,Palestinian,0
42018,Serres_GRE_042,Afghan,0
42018,Serres_GRE_042,Stateless,0
42018,Serres_GRE_042,Somali,0
42018,Serres_GRE_042,Kuwaiti,0
42018,Serres_GRE_042,Moroccan,0
42018,Serres_GRE_042,Egyptian,0
42018,Serres_GRE_042,Algerian,0
42018,Skaramangas_GRE_014,Syrian,0.56
42018,Skaramangas_GRE_014,Yemeni,0
42018,Skaramangas_GRE_014,Iraqi,0.33
42018,Skaramangas_GRE_014,Congolese,0
42018,Skaramangas_GRE_014,Eritrean,0
42018,Skaramangas_GRE_014,Iranian,0
42018,Skaramangas_GRE_014,Pakistani,0
42018,Skaramangas_GRE_014,Palestinian,0
42018,Skaramangas_GRE_014,Afghan,0.09
42018,Skaramangas_GRE_014,Stateless,0
42018,Skaramangas_GRE_014,Somali,0
42018,Skaramangas_GRE_014,Kuwaiti,0.01
42018,Skaramangas_GRE_014,Moroccan,0
42018,Skaramangas_GRE_014,Egyptian,0.01
42018,Skaramangas_GRE_014,Algerian,0
42018,Vathi-Samos_GRE_053,Syrian,0.37
42018,Vathi-Samos_GRE_053,Iraqi,0.28
42018,Vathi-Samos_GRE_053,Congolese,0.05
42018,Vathi-Samos_GRE_053,Afghan,0.09
42018,Veria_GRE_054,Syrian,0.69
42018,Veria_GRE_054,Iraqi,0.21
42018,Veria_GRE_054,Palestinian,0.05
42018,Veria_GRE_054,Stateless,0.03
52018,Alexandria-Ref_GRE_003,Syrian,0.39
52018,Alexandria-Ref_GRE_003,Iraqi,0.28
52018,Alexandria-Ref_GRE_003,Pakistani,0.03
52018,Alexandria-Ref_GRE_003,Palestinian,0.02
52018,Andravida_GRE_004,Syrian,0.98
52018,Andravida_GRE_004,Yemeni,0
52018,Andravida_GRE_004,Iraqi,0.02
52018,Andravida_GRE_004,Congolese,0
52018,Andravida_GRE_004,Eritrean,0
52018,Andravida_GRE_004,Iranian,0
52018,Andravida_GRE_004,Pakistani,0
52018,Andravida_GRE_004,Palestinian,0
52018,Andravida_GRE_004,Afghan,0
52018,Andravida_GRE_004,Stateless,0
52018,Andravida_GRE_004,Somali,0
52018,Andravida_GRE_004,Kuwaiti,0
52018,Andravida_GRE_004,Moroccan,0
52018,Andravida_GRE_004,Egyptian,0
52018,Andravida_GRE_004,Algerian,0
52018,Diavata_GRE_008,Syrian,0.42
52018,Diavata_GRE_008,Yemeni,0
52018,Diavata_GRE_008,Congolese,0
52018,Diavata_GRE_008,Eritrean,0
52018,Diavata_GRE_008,Iranian,0.11
52018,Diavata_GRE_008,Pakistani,0.07
52018,Diavata_GRE_008,Palestinian,0.07
52018,Diavata_GRE_008,Afghan,0.33
52018,Diavata_GRE_008,Stateless,0
52018,Diavata_GRE_008,Somali,0
52018,Diavata_GRE_008,Kuwaiti,0
52018,Diavata_GRE_008,Moroccan,0
52018,Diavata_GRE_008,Egyptian,0
52018,Diavata_GRE_008,Algerian,0
52018,XXDoliana_GRE_007,Syrian,0.7
52018,XXDoliana_GRE_007,Yemeni,0.05
52018,XXDoliana_GRE_007,Iraqi,0.16
52018,XXDoliana_GRE_007,Congolese,0
52018,XXDoliana_GRE_007,Eritrean,0
52018,XXDoliana_GRE_007,Iranian,0
52018,XXDoliana_GRE_007,Pakistani,0
52018,XXDoliana_GRE_007,Palestinian,0.01
52018,XXDoliana_GRE_007,Afghan,0
52018,XXDoliana_GRE_007,Stateless,0.08
52018,XXDoliana_GRE_007,Somali,0
52018,XXDoliana_GRE_007,Kuwaiti,0
52018,XXDoliana_GRE_007,Moroccan,0
52018,XXDoliana_GRE_007,Egyptian,0
52018,XXDoliana_GRE_007,Algerian,0
52018,Drama_GRE_011,Syrian,0.5
52018,Drama_GRE_011,Yemeni,0
52018,Drama_GRE_011,Iraqi,0.39
52018,Drama_GRE_011,Congolese,0
52018,Drama_GRE_011,Eritrean,0
52018,Drama_GRE_011,Iranian,0
52018,Drama_GRE_011,Pakistani,0
52018,Drama_GRE_011,Palestinian,0
52018,Drama_GRE_011,Afghan,0.05
52018,Drama_GRE_011,Stateless,0.05
52018,Drama_GRE_011,Somali,0
52018,Drama_GRE_011,Kuwaiti,0
52018,Drama_GRE_011,Moroccan,0
52018,Drama_GRE_011,Egyptian,0
52018,Drama_GRE_011,Algerian,0
52018,Eleonas_GRE_013 ,Syrian,0.27
52018,Eleonas_GRE_013 ,Iranian,0.08
52018,Eleonas_GRE_013 ,Pakistani,0.06
52018,Eleonas_GRE_013 ,Afghan,0.4
52018,XXFilipiada_GRE_019,Syrian,0.38
52018,XXFilipiada_GRE_019,Yemeni,0
52018,XXFilipiada_GRE_019,Iraqi,0.26
52018,XXFilipiada_GRE_019,Congolese,0
52018,XXFilipiada_GRE_019,Eritrean,0
52018,XXFilipiada_GRE_019,Iranian,0.04
52018,XXFilipiada_GRE_019,Pakistani,0.05
52018,XXFilipiada_GRE_019,Palestinian,0
52018,XXFilipiada_GRE_019,Afghan,0.27
52018,XXFilipiada_GRE_019,Stateless,0
52018,XXFilipiada_GRE_019,Somali,0
52018,XXFilipiada_GRE_019,Kuwaiti,0
52018,XXFilipiada_GRE_019,Moroccan,0
52018,XXFilipiada_GRE_019,Egyptian,0
52018,XXFilipiada_GRE_019,Algerian,0
52018,Kavala_GRE_024,Syrian,0.44
52018,Kavala_GRE_024,Yemeni,0
52018,Kavala_GRE_024,Iraqi,0.27
52018,Kavala_GRE_024,Congolese,0
52018,Kavala_GRE_024,Eritrean,0
52018,Kavala_GRE_024,Iranian,0
52018,Kavala_GRE_024,Pakistani,0.06
52018,Kavala_GRE_024,Palestinian,0
52018,Kavala_GRE_024,Afghan,0.17
52018,Kavala_GRE_024,Stateless,0.06
52018,Kavala_GRE_024,Somali,0
52018,Kavala_GRE_024,Kuwaiti,0
52018,Kavala_GRE_024,Moroccan,0
52018,Kavala_GRE_024,Egyptian,0
52018,Kavala_GRE_024,Algerian,0
52018,Kato-Milia_GRE_061,Syrian,0.6
52018,Kato-Milia_GRE_061,Iraqi,0.17
52018,Kato-Milia_GRE_061,Palestinian,0.05
52018,Kato-Milia_GRE_061,Afghan,0.11
52018,XXKonitsa_GRE_026,Syrian,1
52018,XXKonitsa_GRE_026,Yemeni,0
52018,XXKonitsa_GRE_026,Iraqi,0
52018,XXKonitsa_GRE_026,Congolese,0
52018,XXKonitsa_GRE_026,Eritrean,0
52018,XXKonitsa_GRE_026,Iranian,0
52018,XXKonitsa_GRE_026,Pakistani,0
52018,XXKonitsa_GRE_026,Palestinian,0
52018,XXKonitsa_GRE_026,Afghan,0
52018,XXKonitsa_GRE_026,Stateless,0
52018,XXKonitsa_GRE_026,Somali,0
52018,XXKonitsa_GRE_026,Kuwaiti,0
52018,XXKonitsa_GRE_026,Moroccan,0
52018,XXKonitsa_GRE_026,Egyptian,0
52018,XXKonitsa_GRE_026,Algerian,0
52018,Kos_GRE_027,Syrian,0.2
52018,Kos_GRE_027,Iraqi,0.57
52018,Kos_GRE_027,Iranian,0.04
52018,Kos_GRE_027,Stateless,0.06
52018,Koutsochero_GRE_028 ,Syrian,0.5
52018,Koutsochero_GRE_028 ,Iraqi,0.25
52018,Koutsochero_GRE_028 ,Congolese,0.06
52018,Koutsochero_GRE_028 ,Pakistani,0.06
52018,Koutsochero_GRE_028 ,Afghan,0
52018,Lagkadikia_GRE_029 ,Syrian,0.51
52018,Lagkadikia_GRE_029 ,Iraqi,0.25
52018,Lagkadikia_GRE_029 ,Iranian,0.01
52018,Lagkadikia_GRE_029 ,Pakistani,0.03
52018,Lavrio-New_GRE_030 ,Syrian,0.47
52018,Lavrio-New_GRE_030 ,Iraqi,0.12
52018,Lavrio-New_GRE_030 ,Congolese,0.05
52018,Lavrio-New_GRE_030 ,Afghan,0.12
52018,Leros-Lepida_GRE_032,Syrian,0.47
52018,Leros-Lepida_GRE_032,Iraqi,0.3
52018,Leros-Lepida_GRE_032,Iranian,0.02
52018,Leros-Lepida_GRE_032,Afghan,0.08
52018,XXMalakasa-MC_GRE_012,Syrian,0.05
52018,XXMalakasa-MC_GRE_012,Yemeni,0
52018,XXMalakasa-MC_GRE_012,Iraqi,0.23
52018,XXMalakasa-MC_GRE_012,Congolese,0
52018,XXMalakasa-MC_GRE_012,Eritrean,0
52018,XXMalakasa-MC_GRE_012,Iranian,0.08
52018,XXMalakasa-MC_GRE_012,Pakistani,0
52018,XXMalakasa-MC_GRE_012,Palestinian,0
52018,XXMalakasa-MC_GRE_012,Afghan,0.64
52018,XXMalakasa-MC_GRE_012,Stateless,0
52018,XXMalakasa-MC_GRE_012,Somali,0
52018,XXMalakasa-MC_GRE_012,Kuwaiti,0
52018,XXMalakasa-MC_GRE_012,Moroccan,0
52018,XXMalakasa-MC_GRE_012,Egyptian,0
52018,XXMalakasa-MC_GRE_012,Algerian,0
52018,Moria_GRE_001,Syrian,0.34
52018,Moria_GRE_001,Iraqi,0.14
52018,Moria_GRE_001,Congolese,0.08
52018,Moria_GRE_001,Afghan,0.2
52018,Nea-Kavala_GRE_034,Syrian,0.31
52018,Nea-Kavala_GRE_034,Iraqi,0.19
52018,Nea-Kavala_GRE_034,Congolese,0.07
52018,Nea-Kavala_GRE_034,Eritrean,0.08
52018,XXPikpa-Leros_GRE_038,Syrian,0.5
52018,XXPikpa-Leros_GRE_038,Iraqi,0.47
52018,XXPikpa-Leros_GRE_038,Pakistani,0.01
52018,Ritsona_GRE_040,Syrian,0.72
52018,Ritsona_GRE_040,Iraqi,0.13
52018,Ritsona_GRE_040,Palestinian,0.02
52018,Ritsona_GRE_040,Somali,0.12
52018,Ritsona_GRE_040,Moroccan,0.01
52018,Serres_GRE_042,Syrian,0
52018,Serres_GRE_042,Yemeni,0
52018,Serres_GRE_042,Iraqi,1
52018,Serres_GRE_042,Congolese,0
52018,Serres_GRE_042,Eritrean,0
52018,Serres_GRE_042,Iranian,0
52018,Serres_GRE_042,Pakistani,0
52018,Serres_GRE_042,Palestinian,0
52018,Serres_GRE_042,Afghan,0
52018,Serres_GRE_042,Stateless,0
52018,Serres_GRE_042,Somali,0
52018,Serres_GRE_042,Kuwaiti,0
52018,Serres_GRE_042,Moroccan,0
52018,Serres_GRE_042,Egyptian,0
52018,Serres_GRE_042,Algerian,0
52018,Skaramangas_GRE_014,Syrian,0.56
52018,Skaramangas_GRE_014,Yemeni,0
52018,Skaramangas_GRE_014,Iraqi,0.33
52018,Skaramangas_GRE_014,Congolese,0
52018,Skaramangas_GRE_014,Eritrean,0
52018,Skaramangas_GRE_014,Iranian,0.01
52018,Skaramangas_GRE_014,Pakistani,0
52018,Skaramangas_GRE_014,Palestinian,0
52018,Skaramangas_GRE_014,Afghan,0.09
52018,Skaramangas_GRE_014,Stateless,0
52018,Skaramangas_GRE_014,Somali,0
52018,Skaramangas_GRE_014,Kuwaiti,0
52018,Skaramangas_GRE_014,Moroccan,0
52018,Skaramangas_GRE_014,Egyptian,0
52018,Skaramangas_GRE_014,Algerian,0
52018,Vathi-Samos_GRE_053,Syrian,0.35
52018,Vathi-Samos_GRE_053,Iraqi,0.28
52018,Vathi-Samos_GRE_053,Congolese,0.05
52018,Vathi-Samos_GRE_053,Afghan,0.11
52018,Veria_GRE_054,Syrian,0.68
52018,Veria_GRE_054,Iraqi,0.02
52018,Veria_GRE_054,Palestinian,0.05
52018,Veria_GRE_054,Stateless,0.03
52018,XXVial-Chios-NRC_GRE_066,Syrian,0.27
52018,XXVial-Chios-NRC_GRE_066,Iraqi,0.34
52018,XXVial-Chios-NRC_GRE_066,Palestinian,0.04
52018,XXVial-Chios-NRC_GRE_066,Afghan,0.11
52018,Volos_GRE_055,Syrian,0.57
52018,Volos_GRE_055,Yemeni,0
52018,Volos_GRE_055,Iraqi,0.36
52018,Volos_GRE_055,Congolese,0
52018,Volos_GRE_055,Eritrean,0
52018,Volos_GRE_055,Iranian,0
52018,Volos_GRE_055,Pakistani,0
52018,Volos_GRE_055,Palestinian,0
52018,Volos_GRE_055,Afghan,0
52018,Volos_GRE_055,Stateless,0.07
52018,Volos_GRE_055,Somali,0
52018,Volos_GRE_055,Kuwaiti,0
52018,Volos_GRE_055,Moroccan,0
52018,Volos_GRE_055,Egyptian,0
52018,Volos_GRE_055,Algerian,0
62018,Alexandria-Ref_GRE_003,Syrian,0.39
62018,Alexandria-Ref_GRE_003,Iraqi,0.29
62018,Alexandria-Ref_GRE_003,Pakistani,0.03
62018,Alexandria-Ref_GRE_003,Palestinian,0.02
62018,Andravida_GRE_004,Syrian,0.98
62018,Andravida_GRE_004,Iraqi,0.02
62018,Andravida_GRE_004,Congolese,0
62018,Andravida_GRE_004,Eritrean,0
62018,Andravida_GRE_004,Iranian,0
62018,Andravida_GRE_004,Pakistani,0
62018,Andravida_GRE_004,Palestinian,0
62018,Andravida_GRE_004,Afghan,0
62018,Andravida_GRE_004,Stateless,0
62018,Andravida_GRE_004,Somali,0
62018,Andravida_GRE_004,Kuwaiti,0
62018,Andravida_GRE_004,Moroccan,0
62018,Andravida_GRE_004,Egyptian,0
62018,Andravida_GRE_004,Algerian,0
62018,Diavata_GRE_008,Syrian,0.6
62018,Diavata_GRE_008,Iranian,0.15
62018,Diavata_GRE_008,Afghan,0.2
62018,XXDoliana_GRE_007,Syrian,0.53
62018,XXDoliana_GRE_007,Yemeni,0
62018,XXDoliana_GRE_007,Iraqi,0.42
62018,XXDoliana_GRE_007,Congolese,0
62018,XXDoliana_GRE_007,Eritrean,0
62018,XXDoliana_GRE_007,Iranian,0
62018,XXDoliana_GRE_007,Pakistani,0
62018,XXDoliana_GRE_007,Palestinian,0
62018,XXDoliana_GRE_007,Afghan,0
62018,XXDoliana_GRE_007,Stateless,0
62018,XXDoliana_GRE_007,Somali,0
62018,XXDoliana_GRE_007,Kuwaiti,0.05
62018,XXDoliana_GRE_007,Moroccan,0
62018,XXDoliana_GRE_007,Egyptian,0
62018,XXDoliana_GRE_007,Algerian,0
62018,Drama_GRE_011,Syrian,0.52
62018,Drama_GRE_011,Yemeni,0
62018,Drama_GRE_011,Iraqi,0.38
62018,Drama_GRE_011,Congolese,0
62018,Drama_GRE_011,Eritrean,0
62018,Drama_GRE_011,Iranian,0
62018,Drama_GRE_011,Pakistani,0
62018,Drama_GRE_011,Palestinian,0
62018,Drama_GRE_011,Afghan,0.03
62018,Drama_GRE_011,Stateless,0.04
62018,Drama_GRE_011,Somali,0
62018,Drama_GRE_011,Kuwaiti,0
62018,Drama_GRE_011,Moroccan,0
62018,Drama_GRE_011,Egyptian,0
62018,Drama_GRE_011,Algerian,0.02
62018,Eleonas_GRE_013 ,Syrian,0.27
62018,Eleonas_GRE_013 ,Iranian,0.08
62018,Eleonas_GRE_013 ,Pakistani,0.06
62018,Eleonas_GRE_013 ,Afghan,0.4
62018,XXFilipiada_GRE_019,Syrian,0.22
62018,XXFilipiada_GRE_019,Iraqi,0.37
62018,XXFilipiada_GRE_019,Iranian,0.05
62018,XXFilipiada_GRE_019,Afghan,0.34
62018,Kato-Milia_GRE_061,Syrian,0.6
62018,Kato-Milia_GRE_061,Iraqi,0.18
62018,Kato-Milia_GRE_061,Palestinian,0.05
62018,Kato-Milia_GRE_061,Afghan,0.1
62018,XXKonitsa_GRE_026,Syrian,1
62018,XXKonitsa_GRE_026,Yemeni,0
62018,XXKonitsa_GRE_026,Iraqi,0
62018,XXKonitsa_GRE_026,Congolese,0
62018,XXKonitsa_GRE_026,Eritrean,0
62018,XXKonitsa_GRE_026,Iranian,0
62018,XXKonitsa_GRE_026,Pakistani,0
62018,XXKonitsa_GRE_026,Palestinian,0
62018,XXKonitsa_GRE_026,Afghan,0
62018,XXKonitsa_GRE_026,Stateless,0
62018,XXKonitsa_GRE_026,Somali,0
62018,XXKonitsa_GRE_026,Kuwaiti,0
62018,XXKonitsa_GRE_026,Moroccan,0
62018,XXKonitsa_GRE_026,Egyptian,0
62018,XXKonitsa_GRE_026,Algerian,0
62018,Kavala_GRE_024,Syrian,0.39
62018,Kavala_GRE_024,Iraqi,0.29
62018,Kavala_GRE_024,Pakistani,0.03
62018,Kavala_GRE_024,Afghan,0.18
62018,Kavala_GRE_024,Stateless,0.05
62018,Kos_GRE_027,Syrian,0.2
62018,Kos_GRE_027,Iraqi,0.55
62018,Kos_GRE_027,Pakistani,0.05
62018,Kos_GRE_027,Stateless,0.07
62018,Koutsochero_GRE_028 ,Syrian,0.53
62018,Koutsochero_GRE_028 ,Iraqi,0.25
62018,Koutsochero_GRE_028 ,Congolese,0.06
62018,Koutsochero_GRE_028 ,Afghan,0.05
62018,Lagkadikia_GRE_029,Syrian,0.51
62018,Lagkadikia_GRE_029,Iraqi,0.37
62018,Lagkadikia_GRE_029,Iranian,0.03
62018,Lagkadikia_GRE_029,Pakistani,0.05
62018,Lavrio-New_GRE_030 ,Syrian,0.49
62018,Lavrio-New_GRE_030 ,Iraqi,0.12
62018,Lavrio-New_GRE_030 ,Congolese,0.07
62018,Lavrio-New_GRE_030 ,Afghan,0.12
62018,Leros-Lepida_GRE_032,Syrian,0.49
62018,Leros-Lepida_GRE_032,Iraqi,0.28
62018,Leros-Lepida_GRE_032,Iranian,0.04
62018,Leros-Lepida_GRE_032,Afghan,0.08
62018,XXMalakasa-MC_GRE_012,Syrian,0.24
62018,XXMalakasa-MC_GRE_012,Yemeni,0
62018,XXMalakasa-MC_GRE_012,Iraqi,0.15
62018,XXMalakasa-MC_GRE_012,Congolese,0
62018,XXMalakasa-MC_GRE_012,Eritrean,0
62018,XXMalakasa-MC_GRE_012,Iranian,0.06
62018,XXMalakasa-MC_GRE_012,Pakistani,0.02
62018,XXMalakasa-MC_GRE_012,Palestinian,0
62018,XXMalakasa-MC_GRE_012,Afghan,0.52
62018,XXMalakasa-MC_GRE_012,Stateless,0
62018,XXMalakasa-MC_GRE_012,Somali,0
62018,XXMalakasa-MC_GRE_012,Kuwaiti,0
62018,XXMalakasa-MC_GRE_012,Moroccan,0
62018,XXMalakasa-MC_GRE_012,Egyptian,0
62018,XXMalakasa-MC_GRE_012,Algerian,0
62018,Moria_GRE_001,Syrian,0.33
62018,Moria_GRE_001,Iraqi,0.14
62018,Moria_GRE_001,Congolese,0.08
62018,Moria_GRE_001,Afghan,0.2
62018,Nea-Kavala_GRE_034,Syrian,0.35
62018,Nea-Kavala_GRE_034,Iraqi,0.22
62018,Nea-Kavala_GRE_034,Congolese,0.08
62018,Nea-Kavala_GRE_034,Pakistani,0.04
62018,XXPikpa-Leros_GRE_038,Syrian,0.53
62018,XXPikpa-Leros_GRE_038,Iraqi,0.44
62018,XXPikpa-Leros_GRE_038,Pakistani,0.01
62018,Ritsona_GRE_040,Syrian,0.78
62018,Ritsona_GRE_040,Yemeni,0
62018,Ritsona_GRE_040,Iraqi,0.14
62018,Ritsona_GRE_040,Eritrean,0
62018,Ritsona_GRE_040,Iranian,0
62018,Ritsona_GRE_040,Pakistani,0
62018,Ritsona_GRE_040,Palestinian,0.04
62018,Ritsona_GRE_040,Afghan,0
62018,Ritsona_GRE_040,Stateless,0
62018,Ritsona_GRE_040,Somali,0.03
62018,Ritsona_GRE_040,Kuwaiti,0
62018,Ritsona_GRE_040,Moroccan,0
62018,Ritsona_GRE_040,Egyptian,0
62018,Ritsona_GRE_040,Algerian,0
62018,Serres_GRE_042,Syrian,0.01
62018,Serres_GRE_042,Yemeni,0
62018,Serres_GRE_042,Iraqi,0.99
62018,Serres_GRE_042,Congolese,0
62018,Serres_GRE_042,Eritrean,0
62018,Serres_GRE_042,Iranian,0
62018,Serres_GRE_042,Pakistani,0
62018,Serres_GRE_042,Palestinian,0
62018,Serres_GRE_042,Afghan,0
62018,Serres_GRE_042,Stateless,0
62018,Serres_GRE_042,Somali,0
62018,Serres_GRE_042,Kuwaiti,0
62018,Serres_GRE_042,Moroccan,0
62018,Serres_GRE_042,Egyptian,0
62018,Serres_GRE_042,Algerian,0
62018,Skaramangas_GRE_014,Syrian,0.56
62018,Skaramangas_GRE_014,Yemeni,0
62018,Skaramangas_GRE_014,Iraqi,0.33
62018,Skaramangas_GRE_014,Congolese,0
62018,Skaramangas_GRE_014,Eritrean,0
62018,Skaramangas_GRE_014,Iranian,0.01
62018,Skaramangas_GRE_014,Pakistani,0
62018,Skaramangas_GRE_014,Palestinian,0
62018,Skaramangas_GRE_014,Afghan,0.09
62018,Skaramangas_GRE_014,Stateless,0
62018,Skaramangas_GRE_014,Somali,0
62018,Skaramangas_GRE_014,Kuwaiti,0
62018,Skaramangas_GRE_014,Moroccan,0
62018,Skaramangas_GRE_014,Egyptian,0
62018,Skaramangas_GRE_014,Algerian,0
62018,Vathi-Samos_GRE_053,Syrian,0.36
62018,Vathi-Samos_GRE_053,Iraqi,0.26
62018,Vathi-Samos_GRE_053,Afghan,0.1
62018,Veria_GRE_054,Syrian,0.63
62018,Veria_GRE_054,Iraqi,0.21
62018,Veria_GRE_054,Palestinian,0.05
62018,Veria_GRE_054,Stateless,0.03
62018,XXVial-Chios-NRC_GRE_066,Syrian,0.31
62018,XXVial-Chios-NRC_GRE_066,Iraqi,0.3
62018,XXVial-Chios-NRC_GRE_066,Palestinian,0.07
62018,XXVial-Chios-NRC_GRE_066,Afghan,0.1
62018,Volos_GRE_055,Syrian,0.55
62018,Volos_GRE_055,Yemeni,0
62018,Volos_GRE_055,Iraqi,0.4
62018,Volos_GRE_055,Congolese,0
62018,Volos_GRE_055,Eritrean,0
62018,Volos_GRE_055,Iranian,0
62018,Volos_GRE_055,Pakistani,0
62018,Volos_GRE_055,Palestinian,0
62018,Volos_GRE_055,Afghan,0
62018,Volos_GRE_055,Stateless,0.05
62018,Volos_GRE_055,Somali,0
62018,Volos_GRE_055,Kuwaiti,0
62018,Volos_GRE_055,Moroccan,0
62018,Volos_GRE_055,Egyptian,0
62018,Volos_GRE_055,Algerian,0
92018,Alexandria-Ref_GRE_003,Syrian,0.41
92018,Alexandria-Ref_GRE_003,Iraqi,0.28
92018,Alexandria-Ref_GRE_003,Pakistani,0.03
92018,Alexandria-Ref_GRE_003,Palestinian,0.01
92018,Andravida_GRE_004,Syrian,0.99
92018,Andravida_GRE_004,Yemeni,0
92018,Andravida_GRE_004,Iraqi,0.01
92018,Andravida_GRE_004,Congolese,0
92018,Andravida_GRE_004,Eritrean,0
92018,Andravida_GRE_004,Iranian,0
92018,Andravida_GRE_004,Pakistani,0
92018,Andravida_GRE_004,Palestinian,0
92018,Andravida_GRE_004,Afghan,0
92018,Andravida_GRE_004,Stateless,0
92018,Andravida_GRE_004,Somali,0
92018,Andravida_GRE_004,Kuwaiti,0
92018,Andravida_GRE_004,Moroccan,0
92018,Andravida_GRE_004,Egyptian,0
92018,Andravida_GRE_004,Algerian,0
92018,Diavata_GRE_008,Syrian,0.28
92018,Diavata_GRE_008,Yemeni,0
92018,Diavata_GRE_008,Iraqi,0.39
92018,Diavata_GRE_008,Congolese,0
92018,Diavata_GRE_008,Eritrean,0
92018,Diavata_GRE_008,Iranian,0.09
92018,Diavata_GRE_008,Pakistani,0.05
92018,Diavata_GRE_008,Palestinian,0
92018,Diavata_GRE_008,Afghan,0.19
92018,Diavata_GRE_008,Stateless,0
92018,Diavata_GRE_008,Somali,0
92018,Diavata_GRE_008,Kuwaiti,0
92018,Diavata_GRE_008,Moroccan,0
92018,Diavata_GRE_008,Egyptian,0
92018,Diavata_GRE_008,Algerian,0
92018,XXDoliana_GRE_007,Syrian,0.57
92018,XXDoliana_GRE_007,Yemeni,0
92018,XXDoliana_GRE_007,Iraqi,0.37
92018,XXDoliana_GRE_007,Congolese,0
92018,XXDoliana_GRE_007,Eritrean,0
92018,XXDoliana_GRE_007,Iranian,0
92018,XXDoliana_GRE_007,Pakistani,0
92018,XXDoliana_GRE_007,Palestinian,0
92018,XXDoliana_GRE_007,Afghan,0
92018,XXDoliana_GRE_007,Stateless,0.06
92018,XXDoliana_GRE_007,Somali,0
92018,XXDoliana_GRE_007,Kuwaiti,0
92018,XXDoliana_GRE_007,Moroccan,0
92018,XXDoliana_GRE_007,Egyptian,0
92018,XXDoliana_GRE_007,Algerian,0
92018,Drama_GRE_011,Syrian,0.5
92018,Drama_GRE_011,Yemeni,0
92018,Drama_GRE_011,Iraqi,0.45
92018,Drama_GRE_011,Congolese,0
92018,Drama_GRE_011,Eritrean,0
92018,Drama_GRE_011,Iranian,0
92018,Drama_GRE_011,Pakistani,0
92018,Drama_GRE_011,Palestinian,0
92018,Drama_GRE_011,Afghan,0
92018,Drama_GRE_011,Stateless,0.03
92018,Drama_GRE_011,Somali,0
92018,Drama_GRE_011,Kuwaiti,0
92018,Drama_GRE_011,Moroccan,0
92018,Drama_GRE_011,Egyptian,0
92018,Drama_GRE_011,Algerian,0.01
92018,Eleonas_GRE_013 ,Syrian,0.31
92018,Eleonas_GRE_013 ,Iraqi,0.07
92018,Eleonas_GRE_013 ,Iranian,0.09
92018,Eleonas_GRE_013 ,Afghan,0.37
92018,XXFilipiada_GRE_019,Syrian,0.51
92018,XXFilipiada_GRE_019,Yemeni,0
92018,XXFilipiada_GRE_019,Iraqi,0.22
92018,XXFilipiada_GRE_019,Congolese,0
92018,XXFilipiada_GRE_019,Eritrean,0
92018,XXFilipiada_GRE_019,Iranian,0.06
92018,XXFilipiada_GRE_019,Pakistani,0
92018,XXFilipiada_GRE_019,Palestinian,0
92018,XXFilipiada_GRE_019,Afghan,0.21
92018,XXFilipiada_GRE_019,Stateless,0
92018,XXFilipiada_GRE_019,Somali,0
92018,XXFilipiada_GRE_019,Kuwaiti,0
92018,XXFilipiada_GRE_019,Moroccan,0
92018,XXFilipiada_GRE_019,Egyptian,0
92018,XXFilipiada_GRE_019,Algerian,0
92018,Kato-Milia_GRE_061,Syrian,0.63
92018,Kato-Milia_GRE_061,Iraqi,0.2
92018,Kato-Milia_GRE_061,Palestinian,0.04
92018,Kato-Milia_GRE_061,Afghan,0.08
92018,Kavala_GRE_024,Syrian,0.44
92018,Kavala_GRE_024,Yemeni,0
92018,Kavala_GRE_024,Iraqi,0.33
92018,Kavala_GRE_024,Congolese,0
92018,Kavala_GRE_024,Eritrean,0
92018,Kavala_GRE_024,Iranian,0.04
92018,Kavala_GRE_024,Pakistani,0.05
92018,Kavala_GRE_024,Palestinian,0
92018,Kavala_GRE_024,Afghan,0.14
92018,Kavala_GRE_024,Stateless,0
92018,Kavala_GRE_024,Somali,0
92018,Kavala_GRE_024,Kuwaiti,0
92018,Kavala_GRE_024,Moroccan,0
92018,Kavala_GRE_024,Egyptian,0
92018,Kavala_GRE_024,Algerian,0
92018,Kos_GRE_027,Syrian,0.2
92018,Kos_GRE_027,Iraqi,0.46
92018,Kos_GRE_027,Palestinian,0.11
92018,Kos_GRE_027,Stateless,0.06
92018,Koutsochero_GRE_028 ,Syrian,0.49
92018,Koutsochero_GRE_028 ,Yemeni,0
92018,Koutsochero_GRE_028 ,Iraqi,0.21
92018,Koutsochero_GRE_028 ,Congolese,0.04
92018,Koutsochero_GRE_028 ,Eritrean,0
92018,Koutsochero_GRE_028 ,Iranian,0
92018,Koutsochero_GRE_028 ,Pakistani,0.12
92018,Koutsochero_GRE_028 ,Palestinian,0
92018,Koutsochero_GRE_028 ,Afghan,0.14
92018,Koutsochero_GRE_028 ,Stateless,0
92018,Koutsochero_GRE_028 ,Somali,0
92018,Koutsochero_GRE_028 ,Kuwaiti,0
92018,Koutsochero_GRE_028 ,Moroccan,0
92018,Koutsochero_GRE_028 ,Egyptian,0
92018,Koutsochero_GRE_028 ,Algerian,0
92018,Lagkadikia_GRE_029 ,Syrian,0.54
92018,Lagkadikia_GRE_029 ,Iraqi,0.35
92018,Lagkadikia_GRE_029 ,Iranian,0.03
92018,Lagkadikia_GRE_029 ,Pakistani,0.05
92018,Lavrio-New_GRE_030 ,Syrian,0.53
92018,Lavrio-New_GRE_030 ,Iraqi,0.13
92018,Lavrio-New_GRE_030 ,Congolese,0.07
92018,Lavrio-New_GRE_030 ,Afghan,0.1
92018,Leros-Lepida_GRE_032,Syrian,0.49
92018,Leros-Lepida_GRE_032,Iraqi,0.27
92018,Leros-Lepida_GRE_032,Palestinian,0.05
92018,Leros-Lepida_GRE_032,Afghan,0.05
92018,XXMalakasa-MC_GRE_012,Syrian,0.26
92018,XXMalakasa-MC_GRE_012,Yemeni,0
92018,XXMalakasa-MC_GRE_012,Iraqi,0.17
92018,XXMalakasa-MC_GRE_012,Congolese,0
92018,XXMalakasa-MC_GRE_012,Eritrean,0
92018,XXMalakasa-MC_GRE_012,Iranian,0.06
92018,XXMalakasa-MC_GRE_012,Pakistani,0
92018,XXMalakasa-MC_GRE_012,Palestinian,0
92018,XXMalakasa-MC_GRE_012,Afghan,0.5
92018,XXMalakasa-MC_GRE_012,Stateless,0
92018,XXMalakasa-MC_GRE_012,Somali,0
92018,XXMalakasa-MC_GRE_012,Kuwaiti,0
92018,XXMalakasa-MC_GRE_012,Moroccan,0
92018,XXMalakasa-MC_GRE_012,Egyptian,0
92018,XXMalakasa-MC_GRE_012,Algerian,0
92018,Moria_GRE_001,Syrian,0.2
92018,Moria_GRE_001,Iraqi,0.11
92018,Moria_GRE_001,Congolese,0.08
92018,Moria_GRE_001,Afghan,0.33
92018,Nea-Kavala_GRE_034,Syrian,0.46
92018,Nea-Kavala_GRE_034,Iraqi,0.33
92018,Nea-Kavala_GRE_034,Congolese,0.03
92018,Nea-Kavala_GRE_034,Afghan,0.05
92018,XXPikpa-Leros_GRE_038,Syrian,0.57
92018,XXPikpa-Leros_GRE_038,Iraqi,0.4
92018,Ritsona_GRE_040,Syrian,0.69
92018,Ritsona_GRE_040,Iraqi,0.15
92018,Serres_GRE_042,Syrian,0.01
92018,Serres_GRE_042,Yemeni,0
92018,Serres_GRE_042,Iraqi,0.99
92018,Serres_GRE_042,Congolese,0
92018,Serres_GRE_042,Eritrean,0
92018,Serres_GRE_042,Iranian,0
92018,Serres_GRE_042,Pakistani,0
92018,Serres_GRE_042,Palestinian,0
92018,Serres_GRE_042,Afghan,0
92018,Serres_GRE_042,Stateless,0
92018,Serres_GRE_042,Somali,0
92018,Serres_GRE_042,Kuwaiti,0
92018,Serres_GRE_042,Moroccan,0
92018,Serres_GRE_042,Egyptian,0
92018,Serres_GRE_042,Algerian,0
92018,Skaramangas_GRE_014,Syrian,0.57
92018,Skaramangas_GRE_014,Iraqi,0.24
92018,Skaramangas_GRE_014,Iranian,0.03
92018,Skaramangas_GRE_014,Afghan,0.1
92018,Vathi-Samos_GRE_053,Syrian,0.28
92018,Vathi-Samos_GRE_053,Iraqi,0.24
92018,Vathi-Samos_GRE_053,Congolese,0.1
92018,Veria_GRE_054,Syrian,0.68
92018,Veria_GRE_054,Iraqi,0.24
92018,Veria_GRE_054,Palestinian,0.02
92018,Veria_GRE_054,Stateless,0.03
92018,XXVial-Chios-NRC_GRE_066,Syrian,0.23
92018,XXVial-Chios-NRC_GRE_066,Iraqi,0.26
92018,XXVial-Chios-NRC_GRE_066,Afghan,0.1
92018,Volos_GRE_055,Syrian,0.53
92018,Volos_GRE_055,Yemeni,0
92018,Volos_GRE_055,Iraqi,0.4
92018,Volos_GRE_055,Congolese,0
92018,Volos_GRE_055,Eritrean,0
92018,Volos_GRE_055,Iranian,0
92018,Volos_GRE_055,Pakistani,0
92018,Volos_GRE_055,Palestinian,0
92018,Volos_GRE_055,Afghan,0
92018,Volos_GRE_055,Stateless,0.07
92018,Volos_GRE_055,Somali,0
92018,Volos_GRE_055,Kuwaiti,0
92018,Volos_GRE_055,Moroccan,0
92018,Volos_GRE_055,Egyptian,0
92018,Volos_GRE_055,Algerian,0
12018,Adasevci_SRB_010,Afghan,0.54
12018,Adasevci_SRB_010,Syrian,0
12018,Adasevci_SRB_010,Iraqi,0.11
12018,Adasevci_SRB_010,Pakistani,0.12
12018,Bujanovac_SRB_001,Afghan,0.16
12018,Bujanovac_SRB_001,Syrian,0.04
12018,Bujanovac_SRB_001,Iraqi,0.33
12018,Bujanovac_SRB_001,Pakistani,0.03
12018,Divljana_SRB_002,Afghan,0.89
12018,Divljana_SRB_002,Syrian,0
12018,Divljana_SRB_002,Iraqi,0.07
12018,Divljana_SRB_002,Pakistani,0.01
12018,Kikinda_SRB_007,Afghan,0.75
12018,Kikinda_SRB_007,Syrian,0
12018,Kikinda_SRB_007,Iraqi,0.02
12018,Kikinda_SRB_007,Pakistani,0.06
12018,Krnjaca_SRB_003,Afghan,0.66
12018,Krnjaca_SRB_003,Syrian,0.01
12018,Krnjaca_SRB_003,Iraqi,0.12
12018,Krnjaca_SRB_003,Pakistani,0.09
12018,Obrenovac_SRB_011,Afghan,0.33
12018,Obrenovac_SRB_011,Syrian,0
12018,Obrenovac_SRB_011,Iraqi,0.01
12018,Obrenovac_SRB_011,Pakistani,0.51
12018,Pirot_SRB_005,Afghan,0.69
12018,Pirot_SRB_005,Syrian,0
12018,Pirot_SRB_005,Iraqi,0.18
12018,Pirot_SRB_005,Pakistani,0.04
12018,Presevo_SRB_006,Afghan,0.31
12018,Presevo_SRB_006,Syrian,0.08
12018,Presevo_SRB_006,Iraqi,0.08
12018,Presevo_SRB_006,Pakistani,0.24
12018,Sombor_SRB_008,Afghan,0.05
12018,Sombor_SRB_008,Syrian,0
12018,Sombor_SRB_008,Iraqi,0.54
12018,Sombor_SRB_008,Pakistani,0.4
22018,Adasevci_SRB_010,Afghan,0.55
22018,Adasevci_SRB_010,Syrian,0.06
22018,Adasevci_SRB_010,Iraqi,0.05
22018,Adasevci_SRB_010,Pakistani,0.1
22018,Bujanovac_SRB_001,Afghan,0.14
22018,Bujanovac_SRB_001,Syrian,0.03
22018,Bujanovac_SRB_001,Iraqi,0.38
22018,Bujanovac_SRB_001,Pakistani,0.02
22018,Divljana_SRB_002,Afghan,0.77
22018,Divljana_SRB_002,Syrian,0
22018,Divljana_SRB_002,Iraqi,0.21
22018,Divljana_SRB_002,Pakistani,0.01
22018,Kikinda_SRB_007,Afghan,0.73
22018,Kikinda_SRB_007,Syrian,0
22018,Kikinda_SRB_007,Iraqi,0.02
22018,Kikinda_SRB_007,Pakistani,0.05
22018,Krnjaca_SRB_003,Afghan,0.64
22018,Krnjaca_SRB_003,Syrian,0.01
22018,Krnjaca_SRB_003,Iraqi,0.14
22018,Krnjaca_SRB_003,Pakistani,0.08
22018,Obrenovac_SRB_011,Afghan,0.34
22018,Obrenovac_SRB_011,Syrian,0
22018,Obrenovac_SRB_011,Iraqi,0
22018,Obrenovac_SRB_011,Pakistani,0.54
22018,Pirot_SRB_005,Afghan,0.63
22018,Pirot_SRB_005,Syrian,0.09
22018,Pirot_SRB_005,Iraqi,0.16
22018,Pirot_SRB_005,Pakistani,0.04
22018,Presevo_SRB_006,Afghan,0.35
22018,Presevo_SRB_006,Syrian,0.1
22018,Presevo_SRB_006,Iraqi,0.05
22018,Presevo_SRB_006,Pakistani,0.21
22018,Sombor_SRB_008,Afghan,0.04
22018,Sombor_SRB_008,Syrian,0
22018,Sombor_SRB_008,Iraqi,0.55
22018,Sombor_SRB_008,Pakistani,0.39
32018,Adasevci_SRB_010,Afghan,0.48
32018,Adasevci_SRB_010,Syrian,0.05
32018,Adasevci_SRB_010,Iraqi,0.06
32018,Adasevci_SRB_010,Pakistani,0.11
32018,Bujanovac_SRB_001,Afghan,0.14
32018,Bujanovac_SRB_001,Syrian,0.06
32018,Bujanovac_SRB_001,Iraqi,0.15
32018,Bujanovac_SRB_001,Pakistani,0
32018,Divljana_SRB_002,Afghan,0.75
32018,Divljana_SRB_002,Syrian,0
32018,Divljana_SRB_002,Iraqi,0.24
32018,Divljana_SRB_002,Pakistani,0
32018,Kikinda_SRB_007,Afghan,0.78
32018,Kikinda_SRB_007,Syrian,0
32018,Kikinda_SRB_007,Iraqi,0
32018,Kikinda_SRB_007,Pakistani,0.05
32018,Krnjaca_SRB_003,Afghan,0.63
32018,Krnjaca_SRB_003,Syrian,0.02
32018,Krnjaca_SRB_003,Iraqi,0.13
32018,Krnjaca_SRB_003,Pakistani,0.07
32018,Obrenovac_SRB_011,Afghan,0.33
32018,Obrenovac_SRB_011,Syrian,0
32018,Obrenovac_SRB_011,Iraqi,0
32018,Obrenovac_SRB_011,Pakistani,0.56
32018,Pirot_SRB_005,Afghan,0.64
32018,Pirot_SRB_005,Syrian,0.09
32018,Pirot_SRB_005,Iraqi,0.16
32018,Pirot_SRB_005,Pakistani,0.03
32018,Presevo_SRB_006,Afghan,0.37
32018,Presevo_SRB_006,Syrian,0.06
32018,Presevo_SRB_006,Iraqi,0.13
32018,Presevo_SRB_006,Pakistani,0.11
32018,Sombor_SRB_008,Afghan,0.06
32018,Sombor_SRB_008,Syrian,0
32018,Sombor_SRB_008,Iraqi,0.55
32018,Sombor_SRB_008,Pakistani,0.36
92018,Adasevci_SRB_010,Afghan,0.18
92018,Adasevci_SRB_010,Syrian,0.01
92018,Adasevci_SRB_010,Iraqi,0.06
92018,Adasevci_SRB_010,Pakistani,0.05
92018,Bujanovac_SRB_001,Afghan,0.11
92018,Bujanovac_SRB_001,Syrian,0
92018,Bujanovac_SRB_001,Iraqi,0.1
92018,Bujanovac_SRB_001,Pakistani,0.06
92018,Sombor_SRB_008,Afghan,0.03
92018,Sombor_SRB_008,Syrian,0.09
92018,Sombor_SRB_008,Iraqi,0.86
92018,Sombor_SRB_008,Pakistani,0.01
92018,Kikinda_SRB_007,Afghan,0.51
92018,Kikinda_SRB_007,Syrian,0
92018,Kikinda_SRB_007,Iraqi,0
92018,Kikinda_SRB_007,Pakistani,0.01
92018,Krnjaca_SRB_003,Afghan,0.78
92018,Krnjaca_SRB_003,Syrian,0
92018,Krnjaca_SRB_003,Iraqi,0.01
92018,Krnjaca_SRB_003,Pakistani,0.04
92018,Obrenovac_SRB_011,Afghan,0.27
92018,Obrenovac_SRB_011,Syrian,0
92018,Obrenovac_SRB_011,Iraqi,0.01
92018,Obrenovac_SRB_011,Pakistani,0.67
92018,Pirot_SRB_005,Afghan,0.2
92018,Pirot_SRB_005,Syrian,0.01
92018,Pirot_SRB_005,Iraqi,0.13
92018,Pirot_SRB_005,Pakistani,0.11
